,time
0,2022-05-16 20:00:00
1,2022-05-16 19:55:00
2,2022-05-16 19:50:00
3,2022-05-16 19:45:00
4,2022-05-16 19:40:00
5,2022-05-16 19:35:00
6,2022-05-16 19:30:00
7,2022-05-16 19:25:00
8,2022-05-16 19:15:00
9,2022-05-16 19:10:00
10,2022-05-16 19:05:00
11,2022-05-16 19:00:00
12,2022-05-16 18:55:00
13,2022-05-16 18:45:00
14,2022-05-16 18:40:00
15,2022-05-16 18:35:00
16,2022-05-16 18:30:00
17,2022-05-16 18:25:00
18,2022-05-16 18:20:00
19,2022-05-16 18:15:00
20,2022-05-16 18:10:00
21,2022-05-16 18:05:00
22,2022-05-16 18:00:00
23,2022-05-16 17:55:00
24,2022-05-16 17:50:00
25,2022-05-16 17:45:00
26,2022-05-16 17:40:00
27,2022-05-16 17:35:00
28,2022-05-16 17:30:00
29,2022-05-16 17:25:00
30,2022-05-16 17:20:00
31,2022-05-16 17:15:00
32,2022-05-16 17:10:00
33,2022-05-16 17:05:00
34,2022-05-16 17:00:00
35,2022-05-16 16:55:00
36,2022-05-16 16:50:00
37,2022-05-16 16:45:00
38,2022-05-16 16:40:00
39,2022-05-16 16:35:00
40,2022-05-16 16:30:00
41,2022-05-16 16:25:00
42,2022-05-16 16:20:00
43,2022-05-16 16:15:00
44,2022-05-16 16:10:00
45,2022-05-16 16:05:00
46,2022-05-16 16:00:00
47,2022-05-16 15:55:00
48,2022-05-16 15:50:00
49,2022-05-16 15:45:00
50,2022-05-16 15:40:00
51,2022-05-16 15:35:00
52,2022-05-16 15:30:00
53,2022-05-16 15:25:00
54,2022-05-16 15:20:00
55,2022-05-16 15:15:00
56,2022-05-16 15:10:00
57,2022-05-16 15:05:00
58,2022-05-16 15:00:00
59,2022-05-16 14:55:00
60,2022-05-16 14:50:00
61,2022-05-16 14:45:00
62,2022-05-16 14:40:00
63,2022-05-16 14:35:00
64,2022-05-16 14:30:00
65,2022-05-16 14:25:00
66,2022-05-16 14:20:00
67,2022-05-16 14:15:00
68,2022-05-16 14:10:00
69,2022-05-16 14:05:00
70,2022-05-16 14:00:00
71,2022-05-16 13:55:00
72,2022-05-16 13:50:00
73,2022-05-16 13:45:00
74,2022-05-16 13:40:00
75,2022-05-16 13:35:00
76,2022-05-16 13:30:00
77,2022-05-16 13:25:00
78,2022-05-16 13:20:00
79,2022-05-16 13:15:00
80,2022-05-16 13:10:00
81,2022-05-16 13:05:00
82,2022-05-16 13:00:00
83,2022-05-16 12:55:00
84,2022-05-16 12:50:00
85,2022-05-16 12:45:00
86,2022-05-16 12:40:00
87,2022-05-16 12:35:00
88,2022-05-16 12:30:00
89,2022-05-16 12:25:00
90,2022-05-16 12:20:00
91,2022-05-16 12:15:00
92,2022-05-16 12:10:00
93,2022-05-16 12:05:00
94,2022-05-16 12:00:00
95,2022-05-16 11:55:00
96,2022-05-16 11:50:00
97,2022-05-16 11:45:00
98,2022-05-16 11:40:00
99,2022-05-16 11:35:00
100,2022-05-16 11:30:00
101,2022-05-16 11:25:00
102,2022-05-16 11:20:00
103,2022-05-16 11:15:00
104,2022-05-16 11:10:00
105,2022-05-16 11:05:00
106,2022-05-16 11:00:00
107,2022-05-16 10:55:00
108,2022-05-16 10:50:00
109,2022-05-16 10:45:00
110,2022-05-16 10:40:00
111,2022-05-16 10:35:00
112,2022-05-16 10:30:00
113,2022-05-16 10:25:00
114,2022-05-16 10:20:00
115,2022-05-16 10:15:00
116,2022-05-16 10:10:00
117,2022-05-16 10:05:00
118,2022-05-16 10:00:00
119,2022-05-16 09:55:00
120,2022-05-16 09:50:00
121,2022-05-16 09:45:00
122,2022-05-16 09:40:00
123,2022-05-16 09:35:00
124,2022-05-16 09:30:00
125,2022-05-16 09:25:00
126,2022-05-16 09:20:00
127,2022-05-16 09:15:00
128,2022-05-16 09:10:00
129,2022-05-16 09:05:00
130,2022-05-16 09:00:00
131,2022-05-16 08:55:00
132,2022-05-16 08:50:00
133,2022-05-16 08:45:00
134,2022-05-16 08:40:00
135,2022-05-16 08:35:00
136,2022-05-16 08:30:00
137,2022-05-16 08:25:00
138,2022-05-16 08:20:00
139,2022-05-16 08:15:00
140,2022-05-16 08:10:00
141,2022-05-16 08:05:00
142,2022-05-16 08:00:00
143,2022-05-16 07:55:00
144,2022-05-16 07:50:00
145,2022-05-16 07:45:00
146,2022-05-16 07:40:00
147,2022-05-16 07:35:00
148,2022-05-16 07:25:00
149,2022-05-16 07:20:00
150,2022-05-16 07:15:00
151,2022-05-16 07:10:00
152,2022-05-16 07:05:00
153,2022-05-16 06:50:00
154,2022-05-16 06:45:00
155,2022-05-16 06:40:00
156,2022-05-16 06:30:00
157,2022-05-16 06:25:00
158,2022-05-16 06:20:00
159,2022-05-16 06:10:00
160,2022-05-16 06:05:00
161,2022-05-16 06:00:00
162,2022-05-16 05:55:00
163,2022-05-16 05:50:00
164,2022-05-16 05:40:00
165,2022-05-16 05:30:00
166,2022-05-16 05:25:00
167,2022-05-16 05:20:00
168,2022-05-16 05:10:00
169,2022-05-16 05:05:00
170,2022-05-16 05:00:00
171,2022-05-16 04:55:00
172,2022-05-16 04:50:00
173,2022-05-16 04:45:00
174,2022-05-16 04:40:00
175,2022-05-16 04:35:00
176,2022-05-16 04:30:00
177,2022-05-16 04:25:00
178,2022-05-16 04:20:00
179,2022-05-16 04:15:00
180,2022-05-16 04:10:00
181,2022-05-16 04:05:00
182,2022-05-13 20:00:00
183,2022-05-13 19:55:00
184,2022-05-13 19:50:00
185,2022-05-13 19:45:00
186,2022-05-13 19:40:00
187,2022-05-13 19:35:00
188,2022-05-13 19:30:00
189,2022-05-13 19:25:00
190,2022-05-13 19:20:00
191,2022-05-13 19:05:00
192,2022-05-13 19:00:00
193,2022-05-13 18:55:00
194,2022-05-13 18:50:00
195,2022-05-13 18:45:00
196,2022-05-13 18:30:00
197,2022-05-13 18:25:00
198,2022-05-13 18:20:00
199,2022-05-13 18:15:00
200,2022-05-13 18:10:00
201,2022-05-13 18:05:00
202,2022-05-13 18:00:00
203,2022-05-13 17:55:00
204,2022-05-13 17:50:00
205,2022-05-13 17:45:00
206,2022-05-13 17:40:00
207,2022-05-13 17:35:00
208,2022-05-13 17:30:00
209,2022-05-13 17:25:00
210,2022-05-13 17:20:00
211,2022-05-13 17:15:00
212,2022-05-13 17:10:00
213,2022-05-13 17:05:00
214,2022-05-13 17:00:00
215,2022-05-13 16:55:00
216,2022-05-13 16:50:00
217,2022-05-13 16:45:00
218,2022-05-13 16:40:00
219,2022-05-13 16:35:00
220,2022-05-13 16:30:00
221,2022-05-13 16:25:00
222,2022-05-13 16:20:00
223,2022-05-13 16:15:00
224,2022-05-13 16:10:00
225,2022-05-13 16:05:00
226,2022-05-13 16:00:00
227,2022-05-13 15:55:00
228,2022-05-13 15:50:00
229,2022-05-13 15:45:00
230,2022-05-13 15:40:00
231,2022-05-13 15:35:00
232,2022-05-13 15:30:00
233,2022-05-13 15:25:00
234,2022-05-13 15:20:00
235,2022-05-13 15:15:00
236,2022-05-13 15:10:00
237,2022-05-13 15:05:00
238,2022-05-13 15:00:00
239,2022-05-13 14:55:00
240,2022-05-13 14:50:00
241,2022-05-13 14:45:00
242,2022-05-13 14:40:00
243,2022-05-13 14:35:00
244,2022-05-13 14:30:00
245,2022-05-13 14:25:00
246,2022-05-13 14:20:00
247,2022-05-13 14:15:00
248,2022-05-13 14:10:00
249,2022-05-13 14:05:00
250,2022-05-13 14:00:00
251,2022-05-13 13:55:00
252,2022-05-13 13:50:00
253,2022-05-13 13:45:00
254,2022-05-13 13:40:00
255,2022-05-13 13:35:00
256,2022-05-13 13:30:00
257,2022-05-13 13:25:00
258,2022-05-13 13:20:00
259,2022-05-13 13:15:00
260,2022-05-13 13:10:00
261,2022-05-13 13:05:00
262,2022-05-13 13:00:00
263,2022-05-13 12:55:00
264,2022-05-13 12:50:00
265,2022-05-13 12:45:00
266,2022-05-13 12:40:00
267,2022-05-13 12:35:00
268,2022-05-13 12:30:00
269,2022-05-13 12:25:00
270,2022-05-13 12:20:00
271,2022-05-13 12:15:00
272,2022-05-13 12:10:00
273,2022-05-13 12:05:00
274,2022-05-13 12:00:00
275,2022-05-13 11:55:00
276,2022-05-13 11:50:00
277,2022-05-13 11:45:00
278,2022-05-13 11:40:00
279,2022-05-13 11:35:00
280,2022-05-13 11:30:00
281,2022-05-13 11:25:00
282,2022-05-13 11:20:00
283,2022-05-13 11:15:00
284,2022-05-13 11:10:00
285,2022-05-13 11:05:00
286,2022-05-13 11:00:00
287,2022-05-13 10:55:00
288,2022-05-13 10:50:00
289,2022-05-13 10:45:00
290,2022-05-13 10:40:00
291,2022-05-13 10:35:00
292,2022-05-13 10:30:00
293,2022-05-13 10:25:00
294,2022-05-13 10:20:00
295,2022-05-13 10:15:00
296,2022-05-13 10:10:00
297,2022-05-13 10:05:00
298,2022-05-13 10:00:00
299,2022-05-13 09:55:00
300,2022-05-13 09:50:00
301,2022-05-13 09:45:00
302,2022-05-13 09:40:00
303,2022-05-13 09:35:00
304,2022-05-13 09:30:00
305,2022-05-13 09:25:00
306,2022-05-13 09:20:00
307,2022-05-13 09:15:00
308,2022-05-13 09:10:00
309,2022-05-13 09:05:00
310,2022-05-13 09:00:00
311,2022-05-13 08:55:00
312,2022-05-13 08:50:00
313,2022-05-13 08:45:00
314,2022-05-13 08:40:00
315,2022-05-13 08:35:00
316,2022-05-13 08:30:00
317,2022-05-13 08:25:00
318,2022-05-13 08:20:00
319,2022-05-13 08:15:00
320,2022-05-13 08:10:00
321,2022-05-13 08:05:00
322,2022-05-13 08:00:00
323,2022-05-13 07:55:00
324,2022-05-13 07:50:00
325,2022-05-13 07:45:00
326,2022-05-13 07:40:00
327,2022-05-13 07:35:00
328,2022-05-13 07:30:00
329,2022-05-13 07:25:00
330,2022-05-13 07:20:00
331,2022-05-13 07:15:00
332,2022-05-13 07:10:00
333,2022-05-13 07:05:00
334,2022-05-13 07:00:00
335,2022-05-13 06:55:00
336,2022-05-13 06:50:00
337,2022-05-13 06:45:00
338,2022-05-13 06:40:00
339,2022-05-13 06:35:00
340,2022-05-13 06:30:00
341,2022-05-13 06:25:00
342,2022-05-13 06:20:00
343,2022-05-13 06:15:00
344,2022-05-13 06:10:00
345,2022-05-13 06:05:00
346,2022-05-13 06:00:00
347,2022-05-13 05:55:00
348,2022-05-13 05:50:00
349,2022-05-13 05:45:00
350,2022-05-13 05:40:00
351,2022-05-13 05:35:00
352,2022-05-13 05:30:00
353,2022-05-13 05:20:00
354,2022-05-13 05:15:00
355,2022-05-13 05:10:00
356,2022-05-13 05:05:00
357,2022-05-13 04:55:00
358,2022-05-13 04:50:00
359,2022-05-13 04:45:00
360,2022-05-13 04:40:00
361,2022-05-13 04:35:00
362,2022-05-13 04:30:00
363,2022-05-13 04:25:00
364,2022-05-13 04:20:00
365,2022-05-13 04:15:00
366,2022-05-13 04:10:00
367,2022-05-13 04:05:00
368,2022-05-12 20:00:00
369,2022-05-12 19:55:00
370,2022-05-12 19:50:00
371,2022-05-12 19:45:00
372,2022-05-12 19:40:00
373,2022-05-12 19:35:00
374,2022-05-12 19:30:00
375,2022-05-12 19:25:00
376,2022-05-12 19:20:00
377,2022-05-12 19:15:00
378,2022-05-12 19:10:00
379,2022-05-12 19:05:00
380,2022-05-12 19:00:00
381,2022-05-12 18:55:00
382,2022-05-12 18:50:00
383,2022-05-12 18:45:00
384,2022-05-12 18:40:00
385,2022-05-12 18:35:00
386,2022-05-12 18:30:00
387,2022-05-12 18:25:00
388,2022-05-12 18:20:00
389,2022-05-12 18:15:00
390,2022-05-12 18:10:00
391,2022-05-12 18:05:00
392,2022-05-12 18:00:00
393,2022-05-12 17:55:00
394,2022-05-12 17:50:00
395,2022-05-12 17:45:00
396,2022-05-12 17:40:00
397,2022-05-12 17:35:00
398,2022-05-12 17:30:00
399,2022-05-12 17:25:00
400,2022-05-12 17:20:00
401,2022-05-12 17:15:00
402,2022-05-12 17:10:00
403,2022-05-12 17:05:00
404,2022-05-12 17:00:00
405,2022-05-12 16:55:00
406,2022-05-12 16:50:00
407,2022-05-12 16:45:00
408,2022-05-12 16:40:00
409,2022-05-12 16:35:00
410,2022-05-12 16:30:00
411,2022-05-12 16:25:00
412,2022-05-12 16:20:00
413,2022-05-12 16:15:00
414,2022-05-12 16:10:00
415,2022-05-12 16:05:00
416,2022-05-12 16:00:00
417,2022-05-12 15:55:00
418,2022-05-12 15:50:00
419,2022-05-12 15:45:00
420,2022-05-12 15:40:00
421,2022-05-12 15:35:00
422,2022-05-12 15:30:00
423,2022-05-12 15:25:00
424,2022-05-12 15:20:00
425,2022-05-12 15:15:00
426,2022-05-12 15:10:00
427,2022-05-12 15:05:00
428,2022-05-12 15:00:00
429,2022-05-12 14:55:00
430,2022-05-12 14:50:00
431,2022-05-12 14:45:00
432,2022-05-12 14:40:00
433,2022-05-12 14:35:00
434,2022-05-12 14:30:00
435,2022-05-12 14:25:00
436,2022-05-12 14:20:00
437,2022-05-12 14:15:00
438,2022-05-12 14:10:00
439,2022-05-12 14:05:00
440,2022-05-12 14:00:00
441,2022-05-12 13:55:00
442,2022-05-12 13:50:00
443,2022-05-12 13:45:00
444,2022-05-12 13:40:00
445,2022-05-12 13:35:00
446,2022-05-12 13:30:00
447,2022-05-12 13:25:00
448,2022-05-12 13:20:00
449,2022-05-12 13:15:00
450,2022-05-12 13:10:00
451,2022-05-12 13:05:00
452,2022-05-12 13:00:00
453,2022-05-12 12:55:00
454,2022-05-12 12:50:00
455,2022-05-12 12:45:00
456,2022-05-12 12:40:00
457,2022-05-12 12:35:00
458,2022-05-12 12:30:00
459,2022-05-12 12:25:00
460,2022-05-12 12:20:00
461,2022-05-12 12:15:00
462,2022-05-12 12:10:00
463,2022-05-12 12:05:00
464,2022-05-12 12:00:00
465,2022-05-12 11:55:00
466,2022-05-12 11:50:00
467,2022-05-12 11:45:00
468,2022-05-12 11:40:00
469,2022-05-12 11:35:00
470,2022-05-12 11:30:00
471,2022-05-12 11:25:00
472,2022-05-12 11:20:00
473,2022-05-12 11:15:00
474,2022-05-12 11:10:00
475,2022-05-12 11:05:00
476,2022-05-12 11:00:00
477,2022-05-12 10:55:00
478,2022-05-12 10:50:00
479,2022-05-12 10:45:00
480,2022-05-12 10:40:00
481,2022-05-12 10:35:00
482,2022-05-12 10:30:00
483,2022-05-12 10:25:00
484,2022-05-12 10:20:00
485,2022-05-12 10:15:00
486,2022-05-12 10:10:00
487,2022-05-12 10:05:00
488,2022-05-12 10:00:00
489,2022-05-12 09:55:00
490,2022-05-12 09:50:00
491,2022-05-12 09:45:00
492,2022-05-12 09:40:00
493,2022-05-12 09:35:00
494,2022-05-12 09:30:00
495,2022-05-12 09:25:00
496,2022-05-12 09:20:00
497,2022-05-12 09:15:00
498,2022-05-12 09:10:00
499,2022-05-12 09:05:00
500,2022-05-12 09:00:00
501,2022-05-12 08:55:00
502,2022-05-12 08:50:00
503,2022-05-12 08:45:00
504,2022-05-12 08:40:00
505,2022-05-12 08:35:00
506,2022-05-12 08:30:00
507,2022-05-12 08:25:00
508,2022-05-12 08:20:00
509,2022-05-12 08:15:00
510,2022-05-12 08:10:00
511,2022-05-12 08:05:00
512,2022-05-12 08:00:00
513,2022-05-12 07:55:00
514,2022-05-12 07:50:00
515,2022-05-12 07:45:00
516,2022-05-12 07:40:00
517,2022-05-12 07:35:00
518,2022-05-12 07:30:00
519,2022-05-12 07:25:00
520,2022-05-12 07:20:00
521,2022-05-12 07:15:00
522,2022-05-12 07:10:00
523,2022-05-12 07:05:00
524,2022-05-12 07:00:00
525,2022-05-12 06:55:00
526,2022-05-12 06:50:00
527,2022-05-12 06:45:00
528,2022-05-12 06:40:00
529,2022-05-12 06:35:00
530,2022-05-12 06:30:00
531,2022-05-12 06:25:00
532,2022-05-12 06:20:00
533,2022-05-12 06:15:00
534,2022-05-12 06:10:00
535,2022-05-12 06:05:00
536,2022-05-12 06:00:00
537,2022-05-12 05:55:00
538,2022-05-12 05:50:00
539,2022-05-12 05:45:00
540,2022-05-12 05:40:00
541,2022-05-12 05:35:00
542,2022-05-12 05:30:00
543,2022-05-12 05:25:00
544,2022-05-12 05:20:00
545,2022-05-12 05:15:00
546,2022-05-12 05:10:00
547,2022-05-12 05:05:00
548,2022-05-12 05:00:00
549,2022-05-12 04:55:00
550,2022-05-12 04:50:00
551,2022-05-12 04:45:00
552,2022-05-12 04:40:00
553,2022-05-12 04:35:00
554,2022-05-12 04:30:00
555,2022-05-12 04:25:00
556,2022-05-12 04:20:00
557,2022-05-12 04:15:00
558,2022-05-12 04:10:00
559,2022-05-12 04:05:00
560,2022-05-11 20:00:00
561,2022-05-11 19:55:00
562,2022-05-11 19:50:00
563,2022-05-11 19:45:00
564,2022-05-11 19:40:00
565,2022-05-11 19:35:00
566,2022-05-11 19:30:00
567,2022-05-11 19:25:00
568,2022-05-11 19:20:00
569,2022-05-11 19:15:00
570,2022-05-11 19:10:00
571,2022-05-11 19:05:00
572,2022-05-11 19:00:00
573,2022-05-11 18:55:00
574,2022-05-11 18:50:00
575,2022-05-11 18:45:00
576,2022-05-11 18:40:00
577,2022-05-11 18:35:00
578,2022-05-11 18:30:00
579,2022-05-11 18:25:00
580,2022-05-11 18:20:00
581,2022-05-11 18:15:00
582,2022-05-11 18:10:00
583,2022-05-11 18:05:00
584,2022-05-11 18:00:00
585,2022-05-11 17:55:00
586,2022-05-11 17:50:00
587,2022-05-11 17:45:00
588,2022-05-11 17:40:00
589,2022-05-11 17:35:00
590,2022-05-11 17:30:00
591,2022-05-11 17:25:00
592,2022-05-11 17:20:00
593,2022-05-11 17:15:00
594,2022-05-11 17:10:00
595,2022-05-11 17:05:00
596,2022-05-11 17:00:00
597,2022-05-11 16:55:00
598,2022-05-11 16:50:00
599,2022-05-11 16:45:00
600,2022-05-11 16:40:00
601,2022-05-11 16:35:00
602,2022-05-11 16:30:00
603,2022-05-11 16:25:00
604,2022-05-11 16:20:00
605,2022-05-11 16:15:00
606,2022-05-11 16:10:00
607,2022-05-11 16:05:00
608,2022-05-11 16:00:00
609,2022-05-11 15:55:00
610,2022-05-11 15:50:00
611,2022-05-11 15:45:00
612,2022-05-11 15:40:00
613,2022-05-11 15:35:00
614,2022-05-11 15:30:00
615,2022-05-11 15:25:00
616,2022-05-11 15:20:00
617,2022-05-11 15:15:00
618,2022-05-11 15:10:00
619,2022-05-11 15:05:00
620,2022-05-11 15:00:00
621,2022-05-11 14:55:00
622,2022-05-11 14:50:00
623,2022-05-11 14:45:00
624,2022-05-11 14:40:00
625,2022-05-11 14:35:00
626,2022-05-11 14:30:00
627,2022-05-11 14:25:00
628,2022-05-11 14:20:00
629,2022-05-11 14:15:00
630,2022-05-11 14:10:00
631,2022-05-11 14:05:00
632,2022-05-11 14:00:00
633,2022-05-11 13:55:00
634,2022-05-11 13:50:00
635,2022-05-11 13:45:00
636,2022-05-11 13:40:00
637,2022-05-11 13:35:00
638,2022-05-11 13:30:00
639,2022-05-11 13:25:00
640,2022-05-11 13:20:00
641,2022-05-11 13:15:00
642,2022-05-11 13:10:00
643,2022-05-11 13:05:00
644,2022-05-11 13:00:00
645,2022-05-11 12:55:00
646,2022-05-11 12:50:00
647,2022-05-11 12:45:00
648,2022-05-11 12:40:00
649,2022-05-11 12:35:00
650,2022-05-11 12:30:00
651,2022-05-11 12:25:00
652,2022-05-11 12:20:00
653,2022-05-11 12:15:00
654,2022-05-11 12:10:00
655,2022-05-11 12:05:00
656,2022-05-11 12:00:00
657,2022-05-11 11:55:00
658,2022-05-11 11:50:00
659,2022-05-11 11:45:00
660,2022-05-11 11:40:00
661,2022-05-11 11:35:00
662,2022-05-11 11:30:00
663,2022-05-11 11:25:00
664,2022-05-11 11:20:00
665,2022-05-11 11:15:00
666,2022-05-11 11:10:00
667,2022-05-11 11:05:00
668,2022-05-11 11:00:00
669,2022-05-11 10:55:00
670,2022-05-11 10:50:00
671,2022-05-11 10:45:00
672,2022-05-11 10:40:00
673,2022-05-11 10:35:00
674,2022-05-11 10:30:00
675,2022-05-11 10:25:00
676,2022-05-11 10:20:00
677,2022-05-11 10:15:00
678,2022-05-11 10:10:00
679,2022-05-11 10:05:00
680,2022-05-11 10:00:00
681,2022-05-11 09:55:00
682,2022-05-11 09:50:00
683,2022-05-11 09:45:00
684,2022-05-11 09:40:00
685,2022-05-11 09:35:00
686,2022-05-11 09:30:00
687,2022-05-11 09:25:00
688,2022-05-11 09:20:00
689,2022-05-11 09:15:00
690,2022-05-11 09:10:00
691,2022-05-11 09:05:00
692,2022-05-11 09:00:00
693,2022-05-11 08:55:00
694,2022-05-11 08:50:00
695,2022-05-11 08:45:00
696,2022-05-11 08:40:00
697,2022-05-11 08:35:00
698,2022-05-11 08:30:00
699,2022-05-11 08:25:00
700,2022-05-11 08:20:00
701,2022-05-11 08:15:00
702,2022-05-11 08:10:00
703,2022-05-11 08:05:00
704,2022-05-11 08:00:00
705,2022-05-11 07:55:00
706,2022-05-11 07:50:00
707,2022-05-11 07:45:00
708,2022-05-11 07:40:00
709,2022-05-11 07:35:00
710,2022-05-11 07:30:00
711,2022-05-11 07:25:00
712,2022-05-11 07:20:00
713,2022-05-11 07:15:00
714,2022-05-11 07:10:00
715,2022-05-11 07:05:00
716,2022-05-11 07:00:00
717,2022-05-11 06:55:00
718,2022-05-11 06:50:00
719,2022-05-11 06:45:00
720,2022-05-11 06:40:00
721,2022-05-11 06:35:00
722,2022-05-11 06:30:00
723,2022-05-11 06:25:00
724,2022-05-11 06:15:00
725,2022-05-11 06:10:00
726,2022-05-11 06:05:00
727,2022-05-11 05:55:00
728,2022-05-11 05:45:00
729,2022-05-11 05:40:00
730,2022-05-11 05:35:00
731,2022-05-11 05:30:00
732,2022-05-11 05:25:00
733,2022-05-11 05:20:00
734,2022-05-11 05:15:00
735,2022-05-11 05:10:00
736,2022-05-11 05:05:00
737,2022-05-11 05:00:00
738,2022-05-11 04:55:00
739,2022-05-11 04:50:00
740,2022-05-11 04:45:00
741,2022-05-11 04:35:00
742,2022-05-11 04:30:00
743,2022-05-11 04:20:00
744,2022-05-11 04:15:00
745,2022-05-11 04:10:00
746,2022-05-11 04:05:00
747,2022-05-10 20:00:00
748,2022-05-10 19:55:00
749,2022-05-10 19:50:00
750,2022-05-10 19:45:00
751,2022-05-10 19:40:00
752,2022-05-10 19:35:00
753,2022-05-10 19:30:00
754,2022-05-10 19:25:00
755,2022-05-10 19:20:00
756,2022-05-10 19:15:00
757,2022-05-10 19:10:00
758,2022-05-10 19:05:00
759,2022-05-10 19:00:00
760,2022-05-10 18:55:00
761,2022-05-10 18:50:00
762,2022-05-10 18:45:00
763,2022-05-10 18:40:00
764,2022-05-10 18:35:00
765,2022-05-10 18:30:00
766,2022-05-10 18:25:00
767,2022-05-10 18:20:00
768,2022-05-10 18:15:00
769,2022-05-10 18:05:00
770,2022-05-10 18:00:00
771,2022-05-10 17:55:00
772,2022-05-10 17:50:00
773,2022-05-10 17:45:00
774,2022-05-10 17:40:00
775,2022-05-10 17:35:00
776,2022-05-10 17:30:00
777,2022-05-10 17:25:00
778,2022-05-10 17:20:00
779,2022-05-10 17:15:00
780,2022-05-10 17:10:00
781,2022-05-10 17:05:00
782,2022-05-10 17:00:00
783,2022-05-10 16:55:00
784,2022-05-10 16:50:00
785,2022-05-10 16:45:00
786,2022-05-10 16:40:00
787,2022-05-10 16:35:00
788,2022-05-10 16:30:00
789,2022-05-10 16:25:00
790,2022-05-10 16:20:00
791,2022-05-10 16:15:00
792,2022-05-10 16:10:00
793,2022-05-10 16:05:00
794,2022-05-10 16:00:00
795,2022-05-10 15:55:00
796,2022-05-10 15:50:00
797,2022-05-10 15:45:00
798,2022-05-10 15:40:00
799,2022-05-10 15:35:00
800,2022-05-10 15:30:00
801,2022-05-10 15:25:00
802,2022-05-10 15:20:00
803,2022-05-10 15:15:00
804,2022-05-10 15:10:00
805,2022-05-10 15:05:00
806,2022-05-10 15:00:00
807,2022-05-10 14:55:00
808,2022-05-10 14:50:00
809,2022-05-10 14:45:00
810,2022-05-10 14:40:00
811,2022-05-10 14:35:00
812,2022-05-10 14:30:00
813,2022-05-10 14:25:00
814,2022-05-10 14:20:00
815,2022-05-10 14:15:00
816,2022-05-10 14:10:00
817,2022-05-10 14:05:00
818,2022-05-10 14:00:00
819,2022-05-10 13:55:00
820,2022-05-10 13:50:00
821,2022-05-10 13:45:00
822,2022-05-10 13:40:00
823,2022-05-10 13:35:00
824,2022-05-10 13:30:00
825,2022-05-10 13:25:00
826,2022-05-10 13:20:00
827,2022-05-10 13:15:00
828,2022-05-10 13:10:00
829,2022-05-10 13:05:00
830,2022-05-10 13:00:00
831,2022-05-10 12:55:00
832,2022-05-10 12:50:00
833,2022-05-10 12:45:00
834,2022-05-10 12:40:00
835,2022-05-10 12:35:00
836,2022-05-10 12:30:00
837,2022-05-10 12:25:00
838,2022-05-10 12:20:00
839,2022-05-10 12:15:00
840,2022-05-10 12:10:00
841,2022-05-10 12:05:00
842,2022-05-10 12:00:00
843,2022-05-10 11:55:00
844,2022-05-10 11:50:00
845,2022-05-10 11:45:00
846,2022-05-10 11:40:00
847,2022-05-10 11:35:00
848,2022-05-10 11:30:00
849,2022-05-10 11:25:00
850,2022-05-10 11:20:00
851,2022-05-10 11:15:00
852,2022-05-10 11:10:00
853,2022-05-10 11:05:00
854,2022-05-10 11:00:00
855,2022-05-10 10:55:00
856,2022-05-10 10:50:00
857,2022-05-10 10:45:00
858,2022-05-10 10:40:00
859,2022-05-10 10:35:00
860,2022-05-10 10:30:00
861,2022-05-10 10:25:00
862,2022-05-10 10:20:00
863,2022-05-10 10:15:00
864,2022-05-10 10:10:00
865,2022-05-10 10:05:00
866,2022-05-10 10:00:00
867,2022-05-10 09:55:00
868,2022-05-10 09:50:00
869,2022-05-10 09:45:00
870,2022-05-10 09:40:00
871,2022-05-10 09:35:00
872,2022-05-10 09:30:00
873,2022-05-10 09:25:00
874,2022-05-10 09:20:00
875,2022-05-10 09:15:00
876,2022-05-10 09:10:00
877,2022-05-10 09:05:00
878,2022-05-10 09:00:00
879,2022-05-10 08:55:00
880,2022-05-10 08:50:00
881,2022-05-10 08:45:00
882,2022-05-10 08:40:00
883,2022-05-10 08:35:00
884,2022-05-10 08:30:00
885,2022-05-10 08:25:00
886,2022-05-10 08:20:00
887,2022-05-10 08:15:00
888,2022-05-10 08:10:00
889,2022-05-10 08:05:00
890,2022-05-10 08:00:00
891,2022-05-10 07:55:00
892,2022-05-10 07:50:00
893,2022-05-10 07:45:00
894,2022-05-10 07:40:00
895,2022-05-10 07:35:00
896,2022-05-10 07:30:00
897,2022-05-10 07:25:00
898,2022-05-10 07:20:00
899,2022-05-10 07:15:00
900,2022-05-10 07:10:00
901,2022-05-10 07:05:00
902,2022-05-10 07:00:00
903,2022-05-10 06:55:00
904,2022-05-10 06:50:00
905,2022-05-10 06:45:00
906,2022-05-10 06:40:00
907,2022-05-10 06:35:00
908,2022-05-10 06:30:00
909,2022-05-10 06:25:00
910,2022-05-10 06:20:00
911,2022-05-10 06:10:00
912,2022-05-10 06:05:00
913,2022-05-10 06:00:00
914,2022-05-10 05:55:00
915,2022-05-10 05:50:00
916,2022-05-10 05:45:00
917,2022-05-10 05:40:00
918,2022-05-10 05:35:00
919,2022-05-10 05:30:00
920,2022-05-10 05:25:00
921,2022-05-10 05:20:00
922,2022-05-10 05:15:00
923,2022-05-10 05:10:00
924,2022-05-10 05:05:00
925,2022-05-10 05:00:00
926,2022-05-10 04:55:00
927,2022-05-10 04:50:00
928,2022-05-10 04:45:00
929,2022-05-10 04:40:00
930,2022-05-10 04:35:00
931,2022-05-10 04:30:00
932,2022-05-10 04:25:00
933,2022-05-10 04:20:00
934,2022-05-10 04:15:00
935,2022-05-10 04:10:00
936,2022-05-10 04:05:00
937,2022-05-09 20:00:00
938,2022-05-09 19:55:00
939,2022-05-09 19:50:00
940,2022-05-09 19:45:00
941,2022-05-09 19:40:00
942,2022-05-09 19:35:00
943,2022-05-09 19:30:00
944,2022-05-09 19:25:00
945,2022-05-09 19:20:00
946,2022-05-09 19:15:00
947,2022-05-09 19:10:00
948,2022-05-09 19:05:00
949,2022-05-09 19:00:00
950,2022-05-09 18:55:00
951,2022-05-09 18:50:00
952,2022-05-09 18:45:00
953,2022-05-09 18:40:00
954,2022-05-09 18:35:00
955,2022-05-09 18:30:00
956,2022-05-09 18:25:00
957,2022-05-09 18:20:00
958,2022-05-09 18:15:00
959,2022-05-09 18:10:00
960,2022-05-09 18:05:00
961,2022-05-09 18:00:00
962,2022-05-09 17:55:00
963,2022-05-09 17:50:00
964,2022-05-09 17:45:00
965,2022-05-09 17:40:00
966,2022-05-09 17:35:00
967,2022-05-09 17:30:00
968,2022-05-09 17:25:00
969,2022-05-09 17:20:00
970,2022-05-09 17:15:00
971,2022-05-09 17:10:00
972,2022-05-09 17:05:00
973,2022-05-09 17:00:00
974,2022-05-09 16:55:00
975,2022-05-09 16:50:00
976,2022-05-09 16:45:00
977,2022-05-09 16:40:00
978,2022-05-09 16:35:00
979,2022-05-09 16:30:00
980,2022-05-09 16:25:00
981,2022-05-09 16:20:00
982,2022-05-09 16:15:00
983,2022-05-09 16:10:00
984,2022-05-09 16:05:00
985,2022-05-09 16:00:00
986,2022-05-09 15:55:00
987,2022-05-09 15:50:00
988,2022-05-09 15:45:00
989,2022-05-09 15:40:00
990,2022-05-09 15:35:00
991,2022-05-09 15:30:00
992,2022-05-09 15:25:00
993,2022-05-09 15:20:00
994,2022-05-09 15:15:00
995,2022-05-09 15:10:00
996,2022-05-09 15:05:00
997,2022-05-09 15:00:00
998,2022-05-09 14:55:00
999,2022-05-09 14:50:00
1000,2022-05-09 14:45:00
1001,2022-05-09 14:40:00
1002,2022-05-09 14:35:00
1003,2022-05-09 14:30:00
1004,2022-05-09 14:25:00
1005,2022-05-09 14:20:00
1006,2022-05-09 14:15:00
1007,2022-05-09 14:10:00
1008,2022-05-09 14:05:00
1009,2022-05-09 14:00:00
1010,2022-05-09 13:55:00
1011,2022-05-09 13:50:00
1012,2022-05-09 13:45:00
1013,2022-05-09 13:40:00
1014,2022-05-09 13:35:00
1015,2022-05-09 13:30:00
1016,2022-05-09 13:25:00
1017,2022-05-09 13:20:00
1018,2022-05-09 13:15:00
1019,2022-05-09 13:10:00
1020,2022-05-09 13:05:00
1021,2022-05-09 13:00:00
1022,2022-05-09 12:55:00
1023,2022-05-09 12:50:00
1024,2022-05-09 12:45:00
1025,2022-05-09 12:40:00
1026,2022-05-09 12:35:00
1027,2022-05-09 12:30:00
1028,2022-05-09 12:25:00
1029,2022-05-09 12:20:00
1030,2022-05-09 12:15:00
1031,2022-05-09 12:10:00
1032,2022-05-09 12:05:00
1033,2022-05-09 12:00:00
1034,2022-05-09 11:55:00
1035,2022-05-09 11:50:00
1036,2022-05-09 11:45:00
1037,2022-05-09 11:40:00
1038,2022-05-09 11:35:00
1039,2022-05-09 11:30:00
1040,2022-05-09 11:25:00
1041,2022-05-09 11:20:00
1042,2022-05-09 11:15:00
1043,2022-05-09 11:10:00
1044,2022-05-09 11:05:00
1045,2022-05-09 11:00:00
1046,2022-05-09 10:55:00
1047,2022-05-09 10:50:00
1048,2022-05-09 10:45:00
1049,2022-05-09 10:40:00
1050,2022-05-09 10:35:00
1051,2022-05-09 10:30:00
1052,2022-05-09 10:25:00
1053,2022-05-09 10:20:00
1054,2022-05-09 10:15:00
1055,2022-05-09 10:10:00
1056,2022-05-09 10:05:00
1057,2022-05-09 10:00:00
1058,2022-05-09 09:55:00
1059,2022-05-09 09:50:00
1060,2022-05-09 09:45:00
1061,2022-05-09 09:40:00
1062,2022-05-09 09:35:00
1063,2022-05-09 09:30:00
1064,2022-05-09 09:25:00
1065,2022-05-09 09:20:00
1066,2022-05-09 09:15:00
1067,2022-05-09 09:10:00
1068,2022-05-09 09:05:00
1069,2022-05-09 09:00:00
1070,2022-05-09 08:55:00
1071,2022-05-09 08:50:00
1072,2022-05-09 08:45:00
1073,2022-05-09 08:40:00
1074,2022-05-09 08:35:00
1075,2022-05-09 08:30:00
1076,2022-05-09 08:25:00
1077,2022-05-09 08:20:00
1078,2022-05-09 08:15:00
1079,2022-05-09 08:10:00
1080,2022-05-09 08:05:00
1081,2022-05-09 08:00:00
1082,2022-05-09 07:55:00
1083,2022-05-09 07:50:00
1084,2022-05-09 07:45:00
1085,2022-05-09 07:40:00
1086,2022-05-09 07:35:00
1087,2022-05-09 07:30:00
1088,2022-05-09 07:25:00
1089,2022-05-09 07:20:00
1090,2022-05-09 07:15:00
1091,2022-05-09 07:10:00
1092,2022-05-09 07:05:00
1093,2022-05-09 07:00:00
1094,2022-05-09 06:55:00
1095,2022-05-09 06:50:00
1096,2022-05-09 06:45:00
1097,2022-05-09 06:40:00
1098,2022-05-09 06:35:00
1099,2022-05-09 06:30:00
1100,2022-05-09 06:25:00
1101,2022-05-09 06:20:00
1102,2022-05-09 06:15:00
1103,2022-05-09 06:10:00
1104,2022-05-09 06:05:00
1105,2022-05-09 06:00:00
1106,2022-05-09 05:55:00
1107,2022-05-09 05:50:00
1108,2022-05-09 05:45:00
1109,2022-05-09 05:40:00
1110,2022-05-09 05:30:00
1111,2022-05-09 05:25:00
1112,2022-05-09 05:20:00
1113,2022-05-09 05:15:00
1114,2022-05-09 05:00:00
1115,2022-05-09 04:55:00
1116,2022-05-09 04:50:00
1117,2022-05-09 04:45:00
1118,2022-05-09 04:40:00
1119,2022-05-09 04:35:00
1120,2022-05-09 04:30:00
1121,2022-05-09 04:25:00
1122,2022-05-09 04:20:00
1123,2022-05-09 04:15:00
1124,2022-05-09 04:10:00
1125,2022-05-09 04:05:00
1126,2022-05-06 20:00:00
1127,2022-05-06 19:55:00
1128,2022-05-06 19:50:00
1129,2022-05-06 19:45:00
1130,2022-05-06 19:40:00
1131,2022-05-06 19:35:00
1132,2022-05-06 19:25:00
1133,2022-05-06 19:15:00
1134,2022-05-06 19:10:00
1135,2022-05-06 19:05:00
1136,2022-05-06 19:00:00
1137,2022-05-06 18:55:00
1138,2022-05-06 18:50:00
1139,2022-05-06 18:45:00
1140,2022-05-06 18:40:00
1141,2022-05-06 18:25:00
1142,2022-05-06 18:20:00
1143,2022-05-06 18:15:00
1144,2022-05-06 18:10:00
1145,2022-05-06 18:05:00
1146,2022-05-06 18:00:00
1147,2022-05-06 17:50:00
1148,2022-05-06 17:45:00
1149,2022-05-06 17:40:00
1150,2022-05-06 17:35:00
1151,2022-05-06 17:30:00
1152,2022-05-06 17:25:00
1153,2022-05-06 17:20:00
1154,2022-05-06 17:15:00
1155,2022-05-06 17:10:00
1156,2022-05-06 17:05:00
1157,2022-05-06 17:00:00
1158,2022-05-06 16:55:00
1159,2022-05-06 16:50:00
1160,2022-05-06 16:45:00
1161,2022-05-06 16:40:00
1162,2022-05-06 16:35:00
1163,2022-05-06 16:30:00
1164,2022-05-06 16:25:00
1165,2022-05-06 16:20:00
1166,2022-05-06 16:15:00
1167,2022-05-06 16:10:00
1168,2022-05-06 16:05:00
1169,2022-05-06 16:00:00
1170,2022-05-06 15:55:00
1171,2022-05-06 15:50:00
1172,2022-05-06 15:45:00
1173,2022-05-06 15:40:00
1174,2022-05-06 15:35:00
1175,2022-05-06 15:30:00
1176,2022-05-06 15:25:00
1177,2022-05-06 15:20:00
1178,2022-05-06 15:15:00
1179,2022-05-06 15:10:00
1180,2022-05-06 15:05:00
1181,2022-05-06 15:00:00
1182,2022-05-06 14:55:00
1183,2022-05-06 14:50:00
1184,2022-05-06 14:45:00
1185,2022-05-06 14:40:00
1186,2022-05-06 14:35:00
1187,2022-05-06 14:30:00
1188,2022-05-06 14:25:00
1189,2022-05-06 14:20:00
1190,2022-05-06 14:15:00
1191,2022-05-06 14:10:00
1192,2022-05-06 14:05:00
1193,2022-05-06 14:00:00
1194,2022-05-06 13:55:00
1195,2022-05-06 13:50:00
1196,2022-05-06 13:45:00
1197,2022-05-06 13:40:00
1198,2022-05-06 13:35:00
1199,2022-05-06 13:30:00
1200,2022-05-06 13:25:00
1201,2022-05-06 13:20:00
1202,2022-05-06 13:15:00
1203,2022-05-06 13:10:00
1204,2022-05-06 13:05:00
1205,2022-05-06 13:00:00
1206,2022-05-06 12:55:00
1207,2022-05-06 12:50:00
1208,2022-05-06 12:45:00
1209,2022-05-06 12:40:00
1210,2022-05-06 12:35:00
1211,2022-05-06 12:30:00
1212,2022-05-06 12:25:00
1213,2022-05-06 12:20:00
1214,2022-05-06 12:15:00
1215,2022-05-06 12:10:00
1216,2022-05-06 12:05:00
1217,2022-05-06 12:00:00
1218,2022-05-06 11:55:00
1219,2022-05-06 11:50:00
1220,2022-05-06 11:45:00
1221,2022-05-06 11:40:00
1222,2022-05-06 11:35:00
1223,2022-05-06 11:30:00
1224,2022-05-06 11:25:00
1225,2022-05-06 11:20:00
1226,2022-05-06 11:15:00
1227,2022-05-06 11:10:00
1228,2022-05-06 11:05:00
1229,2022-05-06 11:00:00
1230,2022-05-06 10:55:00
1231,2022-05-06 10:50:00
1232,2022-05-06 10:45:00
1233,2022-05-06 10:40:00
1234,2022-05-06 10:35:00
1235,2022-05-06 10:30:00
1236,2022-05-06 10:25:00
1237,2022-05-06 10:20:00
1238,2022-05-06 10:15:00
1239,2022-05-06 10:10:00
1240,2022-05-06 10:05:00
1241,2022-05-06 10:00:00
1242,2022-05-06 09:55:00
1243,2022-05-06 09:50:00
1244,2022-05-06 09:45:00
1245,2022-05-06 09:40:00
1246,2022-05-06 09:35:00
1247,2022-05-06 09:30:00
1248,2022-05-06 09:25:00
1249,2022-05-06 09:20:00
1250,2022-05-06 09:15:00
1251,2022-05-06 09:10:00
1252,2022-05-06 09:05:00
1253,2022-05-06 09:00:00
1254,2022-05-06 08:55:00
1255,2022-05-06 08:50:00
1256,2022-05-06 08:45:00
1257,2022-05-06 08:40:00
1258,2022-05-06 08:35:00
1259,2022-05-06 08:30:00
1260,2022-05-06 08:25:00
1261,2022-05-06 08:20:00
1262,2022-05-06 08:15:00
1263,2022-05-06 08:10:00
1264,2022-05-06 08:05:00
1265,2022-05-06 08:00:00
1266,2022-05-06 07:55:00
1267,2022-05-06 07:50:00
1268,2022-05-06 07:45:00
1269,2022-05-06 07:40:00
1270,2022-05-06 07:35:00
1271,2022-05-06 07:30:00
1272,2022-05-06 07:25:00
1273,2022-05-06 07:20:00
1274,2022-05-06 07:15:00
1275,2022-05-06 07:10:00
1276,2022-05-06 07:05:00
1277,2022-05-06 06:55:00
1278,2022-05-06 06:50:00
1279,2022-05-06 06:45:00
1280,2022-05-06 06:40:00
1281,2022-05-06 06:35:00
1282,2022-05-06 06:30:00
1283,2022-05-06 06:25:00
1284,2022-05-06 06:20:00
1285,2022-05-06 06:15:00
1286,2022-05-06 06:10:00
1287,2022-05-06 06:05:00
1288,2022-05-06 06:00:00
1289,2022-05-06 05:55:00
1290,2022-05-06 05:45:00
1291,2022-05-06 05:35:00
1292,2022-05-06 05:30:00
1293,2022-05-06 05:25:00
1294,2022-05-06 05:15:00
1295,2022-05-06 05:10:00
1296,2022-05-06 05:00:00
1297,2022-05-06 04:55:00
1298,2022-05-06 04:50:00
1299,2022-05-06 04:35:00
1300,2022-05-06 04:30:00
1301,2022-05-06 04:25:00
1302,2022-05-06 04:15:00
1303,2022-05-06 04:10:00
1304,2022-05-06 04:05:00
1305,2022-05-05 20:00:00
1306,2022-05-05 19:55:00
1307,2022-05-05 19:50:00
1308,2022-05-05 19:45:00
1309,2022-05-05 19:40:00
1310,2022-05-05 19:35:00
1311,2022-05-05 19:30:00
1312,2022-05-05 19:25:00
1313,2022-05-05 19:20:00
1314,2022-05-05 19:15:00
1315,2022-05-05 19:10:00
1316,2022-05-05 19:05:00
1317,2022-05-05 19:00:00
1318,2022-05-05 18:55:00
1319,2022-05-05 18:50:00
1320,2022-05-05 18:45:00
1321,2022-05-05 18:40:00
1322,2022-05-05 18:35:00
1323,2022-05-05 18:30:00
1324,2022-05-05 18:25:00
1325,2022-05-05 18:20:00
1326,2022-05-05 18:15:00
1327,2022-05-05 18:10:00
1328,2022-05-05 18:05:00
1329,2022-05-05 18:00:00
1330,2022-05-05 17:55:00
1331,2022-05-05 17:50:00
1332,2022-05-05 17:45:00
1333,2022-05-05 17:40:00
1334,2022-05-05 17:35:00
1335,2022-05-05 17:30:00
1336,2022-05-05 17:25:00
1337,2022-05-05 17:20:00
1338,2022-05-05 17:15:00
1339,2022-05-05 17:10:00
1340,2022-05-05 17:05:00
1341,2022-05-05 17:00:00
1342,2022-05-05 16:55:00
1343,2022-05-05 16:50:00
1344,2022-05-05 16:45:00
1345,2022-05-05 16:40:00
1346,2022-05-05 16:35:00
1347,2022-05-05 16:30:00
1348,2022-05-05 16:25:00
1349,2022-05-05 16:20:00
1350,2022-05-05 16:15:00
1351,2022-05-05 16:10:00
1352,2022-05-05 16:05:00
1353,2022-05-05 16:00:00
1354,2022-05-05 15:55:00
1355,2022-05-05 15:50:00
1356,2022-05-05 15:45:00
1357,2022-05-05 15:40:00
1358,2022-05-05 15:35:00
1359,2022-05-05 15:30:00
1360,2022-05-05 15:25:00
1361,2022-05-05 15:20:00
1362,2022-05-05 15:15:00
1363,2022-05-05 15:10:00
1364,2022-05-05 15:05:00
1365,2022-05-05 15:00:00
1366,2022-05-05 14:55:00
1367,2022-05-05 14:50:00
1368,2022-05-05 14:45:00
1369,2022-05-05 14:40:00
1370,2022-05-05 14:35:00
1371,2022-05-05 14:30:00
1372,2022-05-05 14:25:00
1373,2022-05-05 14:20:00
1374,2022-05-05 14:15:00
1375,2022-05-05 14:10:00
1376,2022-05-05 14:05:00
1377,2022-05-05 14:00:00
1378,2022-05-05 13:55:00
1379,2022-05-05 13:50:00
1380,2022-05-05 13:45:00
1381,2022-05-05 13:40:00
1382,2022-05-05 13:35:00
1383,2022-05-05 13:30:00
1384,2022-05-05 13:25:00
1385,2022-05-05 13:20:00
1386,2022-05-05 13:15:00
1387,2022-05-05 13:10:00
1388,2022-05-05 13:05:00
1389,2022-05-05 13:00:00
1390,2022-05-05 12:55:00
1391,2022-05-05 12:50:00
1392,2022-05-05 12:45:00
1393,2022-05-05 12:40:00
1394,2022-05-05 12:35:00
1395,2022-05-05 12:30:00
1396,2022-05-05 12:25:00
1397,2022-05-05 12:20:00
1398,2022-05-05 12:15:00
1399,2022-05-05 12:10:00
1400,2022-05-05 12:05:00
1401,2022-05-05 12:00:00
1402,2022-05-05 11:55:00
1403,2022-05-05 11:50:00
1404,2022-05-05 11:45:00
1405,2022-05-05 11:40:00
1406,2022-05-05 11:35:00
1407,2022-05-05 11:30:00
1408,2022-05-05 11:25:00
1409,2022-05-05 11:20:00
1410,2022-05-05 11:15:00
1411,2022-05-05 11:10:00
1412,2022-05-05 11:05:00
1413,2022-05-05 11:00:00
1414,2022-05-05 10:55:00
1415,2022-05-05 10:50:00
1416,2022-05-05 10:45:00
1417,2022-05-05 10:40:00
1418,2022-05-05 10:35:00
1419,2022-05-05 10:30:00
1420,2022-05-05 10:25:00
1421,2022-05-05 10:20:00
1422,2022-05-05 10:15:00
1423,2022-05-05 10:10:00
1424,2022-05-05 10:05:00
1425,2022-05-05 10:00:00
1426,2022-05-05 09:55:00
1427,2022-05-05 09:50:00
1428,2022-05-05 09:45:00
1429,2022-05-05 09:40:00
1430,2022-05-05 09:35:00
1431,2022-05-05 09:30:00
1432,2022-05-05 09:25:00
1433,2022-05-05 09:20:00
1434,2022-05-05 09:15:00
1435,2022-05-05 09:10:00
1436,2022-05-05 09:05:00
1437,2022-05-05 09:00:00
1438,2022-05-05 08:55:00
1439,2022-05-05 08:50:00
1440,2022-05-05 08:45:00
1441,2022-05-05 08:40:00
1442,2022-05-05 08:35:00
1443,2022-05-05 08:30:00
1444,2022-05-05 08:25:00
1445,2022-05-05 08:20:00
1446,2022-05-05 08:15:00
1447,2022-05-05 08:10:00
1448,2022-05-05 08:05:00
1449,2022-05-05 08:00:00
1450,2022-05-05 07:55:00
1451,2022-05-05 07:50:00
1452,2022-05-05 07:45:00
1453,2022-05-05 07:40:00
1454,2022-05-05 07:35:00
1455,2022-05-05 07:30:00
1456,2022-05-05 07:25:00
1457,2022-05-05 07:20:00
1458,2022-05-05 07:15:00
1459,2022-05-05 07:10:00
1460,2022-05-05 07:05:00
1461,2022-05-05 07:00:00
1462,2022-05-05 06:50:00
1463,2022-05-05 06:35:00
1464,2022-05-05 06:30:00
1465,2022-05-05 06:25:00
1466,2022-05-05 06:20:00
1467,2022-05-05 06:15:00
1468,2022-05-05 06:10:00
1469,2022-05-05 06:05:00
1470,2022-05-05 06:00:00
1471,2022-05-05 05:55:00
1472,2022-05-05 05:45:00
1473,2022-05-05 05:40:00
1474,2022-05-05 05:35:00
1475,2022-05-05 05:30:00
1476,2022-05-05 05:25:00
1477,2022-05-05 05:20:00
1478,2022-05-05 05:15:00
1479,2022-05-05 05:10:00
1480,2022-05-05 05:05:00
1481,2022-05-05 04:55:00
1482,2022-05-05 04:50:00
1483,2022-05-05 04:45:00
1484,2022-05-05 04:40:00
1485,2022-05-05 04:35:00
1486,2022-05-05 04:20:00
1487,2022-05-05 04:15:00
1488,2022-05-05 04:10:00
1489,2022-05-05 04:05:00
1490,2022-05-04 20:00:00
1491,2022-05-04 19:55:00
1492,2022-05-04 19:50:00
1493,2022-05-04 19:45:00
1494,2022-05-04 19:40:00
1495,2022-05-04 19:35:00
1496,2022-05-04 19:30:00
1497,2022-05-04 19:25:00
1498,2022-05-04 19:20:00
1499,2022-05-04 19:15:00
1500,2022-05-04 19:10:00
1501,2022-05-04 19:05:00
1502,2022-05-04 19:00:00
1503,2022-05-04 18:55:00
1504,2022-05-04 18:50:00
1505,2022-05-04 18:45:00
1506,2022-05-04 18:40:00
1507,2022-05-04 18:35:00
1508,2022-05-04 18:30:00
1509,2022-05-04 18:25:00
1510,2022-05-04 18:20:00
1511,2022-05-04 18:15:00
1512,2022-05-04 18:10:00
1513,2022-05-04 18:05:00
1514,2022-05-04 18:00:00
1515,2022-05-04 17:50:00
1516,2022-05-04 17:45:00
1517,2022-05-04 17:40:00
1518,2022-05-04 17:35:00
1519,2022-05-04 17:30:00
1520,2022-05-04 17:25:00
1521,2022-05-04 17:20:00
1522,2022-05-04 17:15:00
1523,2022-05-04 17:10:00
1524,2022-05-04 17:05:00
1525,2022-05-04 17:00:00
1526,2022-05-04 16:55:00
1527,2022-05-04 16:50:00
1528,2022-05-04 16:45:00
1529,2022-05-04 16:40:00
1530,2022-05-04 16:35:00
1531,2022-05-04 16:30:00
1532,2022-05-04 16:25:00
1533,2022-05-04 16:20:00
1534,2022-05-04 16:15:00
1535,2022-05-04 16:10:00
1536,2022-05-04 16:05:00
1537,2022-05-04 16:00:00
1538,2022-05-04 15:55:00
1539,2022-05-04 15:50:00
1540,2022-05-04 15:45:00
1541,2022-05-04 15:40:00
1542,2022-05-04 15:35:00
1543,2022-05-04 15:30:00
1544,2022-05-04 15:25:00
1545,2022-05-04 15:20:00
1546,2022-05-04 15:15:00
1547,2022-05-04 15:10:00
1548,2022-05-04 15:05:00
1549,2022-05-04 15:00:00
1550,2022-05-04 14:55:00
1551,2022-05-04 14:50:00
1552,2022-05-04 14:45:00
1553,2022-05-04 14:40:00
1554,2022-05-04 14:35:00
1555,2022-05-04 14:30:00
1556,2022-05-04 14:25:00
1557,2022-05-04 14:20:00
1558,2022-05-04 14:15:00
1559,2022-05-04 14:10:00
1560,2022-05-04 14:05:00
1561,2022-05-04 14:00:00
1562,2022-05-04 13:55:00
1563,2022-05-04 13:50:00
1564,2022-05-04 13:45:00
1565,2022-05-04 13:40:00
1566,2022-05-04 13:35:00
1567,2022-05-04 13:30:00
1568,2022-05-04 13:25:00
1569,2022-05-04 13:20:00
1570,2022-05-04 13:15:00
1571,2022-05-04 13:10:00
1572,2022-05-04 13:05:00
1573,2022-05-04 13:00:00
1574,2022-05-04 12:55:00
1575,2022-05-04 12:50:00
1576,2022-05-04 12:45:00
1577,2022-05-04 12:40:00
1578,2022-05-04 12:35:00
1579,2022-05-04 12:30:00
1580,2022-05-04 12:25:00
1581,2022-05-04 12:20:00
1582,2022-05-04 12:15:00
1583,2022-05-04 12:10:00
1584,2022-05-04 12:05:00
1585,2022-05-04 12:00:00
1586,2022-05-04 11:55:00
1587,2022-05-04 11:50:00
1588,2022-05-04 11:45:00
1589,2022-05-04 11:40:00
1590,2022-05-04 11:35:00
1591,2022-05-04 11:30:00
1592,2022-05-04 11:25:00
1593,2022-05-04 11:20:00
1594,2022-05-04 11:15:00
1595,2022-05-04 11:10:00
1596,2022-05-04 11:05:00
1597,2022-05-04 11:00:00
1598,2022-05-04 10:55:00
1599,2022-05-04 10:50:00
1600,2022-05-04 10:45:00
1601,2022-05-04 10:40:00
1602,2022-05-04 10:35:00
1603,2022-05-04 10:30:00
1604,2022-05-04 10:25:00
1605,2022-05-04 10:20:00
1606,2022-05-04 10:15:00
1607,2022-05-04 10:10:00
1608,2022-05-04 10:05:00
1609,2022-05-04 10:00:00
1610,2022-05-04 09:55:00
1611,2022-05-04 09:50:00
1612,2022-05-04 09:45:00
1613,2022-05-04 09:40:00
1614,2022-05-04 09:35:00
1615,2022-05-04 09:30:00
1616,2022-05-04 09:25:00
1617,2022-05-04 09:20:00
1618,2022-05-04 09:15:00
1619,2022-05-04 09:10:00
1620,2022-05-04 09:05:00
1621,2022-05-04 09:00:00
1622,2022-05-04 08:55:00
1623,2022-05-04 08:50:00
1624,2022-05-04 08:45:00
1625,2022-05-04 08:40:00
1626,2022-05-04 08:35:00
1627,2022-05-04 08:30:00
1628,2022-05-04 08:25:00
1629,2022-05-04 08:20:00
1630,2022-05-04 08:15:00
1631,2022-05-04 08:10:00
1632,2022-05-04 08:05:00
1633,2022-05-04 07:55:00
1634,2022-05-04 07:50:00
1635,2022-05-04 07:45:00
1636,2022-05-04 07:40:00
1637,2022-05-04 07:35:00
1638,2022-05-04 07:30:00
1639,2022-05-04 07:25:00
1640,2022-05-04 07:20:00
1641,2022-05-04 07:15:00
1642,2022-05-04 07:10:00
1643,2022-05-04 07:05:00
1644,2022-05-04 06:00:00
1645,2022-05-04 05:30:00
1646,2022-05-04 05:10:00
1647,2022-05-04 04:55:00
1648,2022-05-04 04:30:00
1649,2022-05-04 04:05:00
1650,2022-05-03 20:00:00
1651,2022-05-03 19:55:00
1652,2022-05-03 19:50:00
1653,2022-05-03 19:45:00
1654,2022-05-03 19:40:00
1655,2022-05-03 19:35:00
1656,2022-05-03 19:30:00
1657,2022-05-03 19:25:00
1658,2022-05-03 19:20:00
1659,2022-05-03 19:15:00
1660,2022-05-03 19:10:00
1661,2022-05-03 19:05:00
1662,2022-05-03 19:00:00
1663,2022-05-03 18:55:00
1664,2022-05-03 18:50:00
1665,2022-05-03 18:45:00
1666,2022-05-03 18:40:00
1667,2022-05-03 18:35:00
1668,2022-05-03 18:30:00
1669,2022-05-03 18:25:00
1670,2022-05-03 18:15:00
1671,2022-05-03 18:10:00
1672,2022-05-03 18:05:00
1673,2022-05-03 18:00:00
1674,2022-05-03 17:55:00
1675,2022-05-03 17:45:00
1676,2022-05-03 17:40:00
1677,2022-05-03 17:35:00
1678,2022-05-03 17:25:00
1679,2022-05-03 17:20:00
1680,2022-05-03 17:15:00
1681,2022-05-03 17:10:00
1682,2022-05-03 17:05:00
1683,2022-05-03 17:00:00
1684,2022-05-03 16:55:00
1685,2022-05-03 16:50:00
1686,2022-05-03 16:45:00
1687,2022-05-03 16:40:00
1688,2022-05-03 16:35:00
1689,2022-05-03 16:30:00
1690,2022-05-03 16:25:00
1691,2022-05-03 16:20:00
1692,2022-05-03 16:15:00
1693,2022-05-03 16:10:00
1694,2022-05-03 16:05:00
1695,2022-05-03 16:00:00
1696,2022-05-03 15:55:00
1697,2022-05-03 15:50:00
1698,2022-05-03 15:45:00
1699,2022-05-03 15:40:00
1700,2022-05-03 15:35:00
1701,2022-05-03 15:30:00
1702,2022-05-03 15:25:00
1703,2022-05-03 15:20:00
1704,2022-05-03 15:15:00
1705,2022-05-03 15:10:00
1706,2022-05-03 15:05:00
1707,2022-05-03 15:00:00
1708,2022-05-03 14:55:00
1709,2022-05-03 14:50:00
1710,2022-05-03 14:45:00
1711,2022-05-03 14:40:00
1712,2022-05-03 14:35:00
1713,2022-05-03 14:30:00
1714,2022-05-03 14:25:00
1715,2022-05-03 14:20:00
1716,2022-05-03 14:15:00
1717,2022-05-03 14:10:00
1718,2022-05-03 14:05:00
1719,2022-05-03 14:00:00
1720,2022-05-03 13:55:00
1721,2022-05-03 13:50:00
1722,2022-05-03 13:45:00
1723,2022-05-03 13:40:00
1724,2022-05-03 13:35:00
1725,2022-05-03 13:30:00
1726,2022-05-03 13:25:00
1727,2022-05-03 13:20:00
1728,2022-05-03 13:15:00
1729,2022-05-03 13:10:00
1730,2022-05-03 13:05:00
1731,2022-05-03 13:00:00
1732,2022-05-03 12:55:00
1733,2022-05-03 12:50:00
1734,2022-05-03 12:45:00
1735,2022-05-03 12:40:00
1736,2022-05-03 12:35:00
1737,2022-05-03 12:30:00
1738,2022-05-03 12:25:00
1739,2022-05-03 12:20:00
1740,2022-05-03 12:15:00
1741,2022-05-03 12:10:00
1742,2022-05-03 12:05:00
1743,2022-05-03 12:00:00
1744,2022-05-03 11:55:00
1745,2022-05-03 11:50:00
1746,2022-05-03 11:45:00
1747,2022-05-03 11:40:00
1748,2022-05-03 11:35:00
1749,2022-05-03 11:30:00
1750,2022-05-03 11:25:00
1751,2022-05-03 11:20:00
1752,2022-05-03 11:15:00
1753,2022-05-03 11:10:00
1754,2022-05-03 11:05:00
1755,2022-05-03 11:00:00
1756,2022-05-03 10:55:00
1757,2022-05-03 10:50:00
1758,2022-05-03 10:45:00
1759,2022-05-03 10:40:00
1760,2022-05-03 10:35:00
1761,2022-05-03 10:30:00
1762,2022-05-03 10:25:00
1763,2022-05-03 10:20:00
1764,2022-05-03 10:15:00
1765,2022-05-03 10:10:00
1766,2022-05-03 10:05:00
1767,2022-05-03 10:00:00
1768,2022-05-03 09:55:00
1769,2022-05-03 09:50:00
1770,2022-05-03 09:45:00
1771,2022-05-03 09:40:00
1772,2022-05-03 09:35:00
1773,2022-05-03 09:30:00
1774,2022-05-03 09:25:00
1775,2022-05-03 09:20:00
1776,2022-05-03 09:15:00
1777,2022-05-03 09:10:00
1778,2022-05-03 09:05:00
1779,2022-05-03 09:00:00
1780,2022-05-03 08:55:00
1781,2022-05-03 08:50:00
1782,2022-05-03 08:45:00
1783,2022-05-03 08:40:00
1784,2022-05-03 08:35:00
1785,2022-05-03 08:30:00
1786,2022-05-03 08:25:00
1787,2022-05-03 08:20:00
1788,2022-05-03 08:15:00
1789,2022-05-03 08:10:00
1790,2022-05-03 08:05:00
1791,2022-05-03 08:00:00
1792,2022-05-03 07:55:00
1793,2022-05-03 07:45:00
1794,2022-05-03 07:40:00
1795,2022-05-03 07:35:00
1796,2022-05-03 07:30:00
1797,2022-05-03 07:25:00
1798,2022-05-03 07:20:00
1799,2022-05-03 07:15:00
1800,2022-05-03 07:10:00
1801,2022-05-03 07:05:00
1802,2022-05-03 06:55:00
1803,2022-05-03 06:50:00
1804,2022-05-03 06:35:00
1805,2022-05-03 06:30:00
1806,2022-05-03 06:25:00
1807,2022-05-03 06:20:00
1808,2022-05-03 06:00:00
1809,2022-05-03 05:45:00
1810,2022-05-03 05:15:00
1811,2022-05-03 05:10:00
1812,2022-05-03 05:05:00
1813,2022-05-03 05:00:00
1814,2022-05-03 04:50:00
1815,2022-05-03 04:45:00
1816,2022-05-03 04:40:00
1817,2022-05-03 04:30:00
1818,2022-05-03 04:25:00
1819,2022-05-03 04:20:00
1820,2022-05-03 04:15:00
1821,2022-05-03 04:10:00
1822,2022-05-03 04:05:00
1823,2022-05-02 20:00:00
1824,2022-05-02 19:55:00
1825,2022-05-02 19:50:00
1826,2022-05-02 19:45:00
1827,2022-05-02 19:40:00
1828,2022-05-02 19:35:00
1829,2022-05-02 19:30:00
1830,2022-05-02 19:25:00
1831,2022-05-02 19:20:00
1832,2022-05-02 19:15:00
1833,2022-05-02 19:10:00
1834,2022-05-02 19:05:00
1835,2022-05-02 19:00:00
1836,2022-05-02 18:55:00
1837,2022-05-02 18:50:00
1838,2022-05-02 18:45:00
1839,2022-05-02 18:40:00
1840,2022-05-02 18:35:00
1841,2022-05-02 18:30:00
1842,2022-05-02 18:25:00
1843,2022-05-02 18:20:00
1844,2022-05-02 18:15:00
1845,2022-05-02 18:10:00
1846,2022-05-02 18:05:00
1847,2022-05-02 18:00:00
1848,2022-05-02 17:55:00
1849,2022-05-02 17:50:00
1850,2022-05-02 17:45:00
1851,2022-05-02 17:40:00
1852,2022-05-02 17:35:00
1853,2022-05-02 17:30:00
1854,2022-05-02 17:25:00
1855,2022-05-02 17:20:00
1856,2022-05-02 17:15:00
1857,2022-05-02 17:10:00
1858,2022-05-02 17:05:00
1859,2022-05-02 17:00:00
1860,2022-05-02 16:55:00
1861,2022-05-02 16:50:00
1862,2022-05-02 16:45:00
1863,2022-05-02 16:40:00
1864,2022-05-02 16:35:00
1865,2022-05-02 16:30:00
1866,2022-05-02 16:25:00
1867,2022-05-02 16:20:00
1868,2022-05-02 16:15:00
1869,2022-05-02 16:10:00
1870,2022-05-02 16:05:00
1871,2022-05-02 16:00:00
1872,2022-05-02 15:55:00
1873,2022-05-02 15:50:00
1874,2022-05-02 15:45:00
1875,2022-05-02 15:40:00
1876,2022-05-02 15:35:00
1877,2022-05-02 15:30:00
1878,2022-05-02 15:25:00
1879,2022-05-02 15:20:00
1880,2022-05-02 15:15:00
1881,2022-05-02 15:10:00
1882,2022-05-02 15:05:00
1883,2022-05-02 15:00:00
1884,2022-05-02 14:55:00
1885,2022-05-02 14:50:00
1886,2022-05-02 14:45:00
1887,2022-05-02 14:40:00
1888,2022-05-02 14:35:00
1889,2022-05-02 14:30:00
1890,2022-05-02 14:25:00
1891,2022-05-02 14:20:00
1892,2022-05-02 14:15:00
1893,2022-05-02 14:10:00
1894,2022-05-02 14:05:00
1895,2022-05-02 14:00:00
1896,2022-05-02 13:55:00
1897,2022-05-02 13:50:00
1898,2022-05-02 13:45:00
1899,2022-05-02 13:40:00
1900,2022-05-02 13:35:00
1901,2022-05-02 13:30:00
1902,2022-05-02 13:25:00
1903,2022-05-02 13:20:00
1904,2022-05-02 13:15:00
1905,2022-05-02 13:10:00
1906,2022-05-02 13:05:00
1907,2022-05-02 13:00:00
1908,2022-05-02 12:55:00
1909,2022-05-02 12:50:00
1910,2022-05-02 12:45:00
1911,2022-05-02 12:40:00
1912,2022-05-02 12:35:00
1913,2022-05-02 12:30:00
1914,2022-05-02 12:25:00
1915,2022-05-02 12:20:00
1916,2022-05-02 12:15:00
1917,2022-05-02 12:10:00
1918,2022-05-02 12:05:00
1919,2022-05-02 12:00:00
1920,2022-05-02 11:55:00
1921,2022-05-02 11:50:00
1922,2022-05-02 11:45:00
1923,2022-05-02 11:40:00
1924,2022-05-02 11:35:00
1925,2022-05-02 11:30:00
1926,2022-05-02 11:25:00
1927,2022-05-02 11:20:00
1928,2022-05-02 11:15:00
1929,2022-05-02 11:10:00
1930,2022-05-02 11:05:00
1931,2022-05-02 11:00:00
1932,2022-05-02 10:55:00
1933,2022-05-02 10:50:00
1934,2022-05-02 10:45:00
1935,2022-05-02 10:40:00
1936,2022-05-02 10:35:00
1937,2022-05-02 10:30:00
1938,2022-05-02 10:25:00
1939,2022-05-02 10:20:00
1940,2022-05-02 10:15:00
1941,2022-05-02 10:10:00
1942,2022-05-02 10:05:00
1943,2022-05-02 10:00:00
1944,2022-05-02 09:55:00
1945,2022-05-02 09:50:00
1946,2022-05-02 09:45:00
1947,2022-05-02 09:40:00
1948,2022-05-02 09:35:00
1949,2022-05-02 09:30:00
1950,2022-05-02 09:25:00
1951,2022-05-02 09:20:00
1952,2022-05-02 09:15:00
1953,2022-05-02 09:10:00
1954,2022-05-02 09:05:00
1955,2022-05-02 09:00:00
1956,2022-05-02 08:55:00
1957,2022-05-02 08:50:00
1958,2022-05-02 08:45:00
1959,2022-05-02 08:40:00
1960,2022-05-02 08:35:00
1961,2022-05-02 08:30:00
1962,2022-05-02 08:25:00
1963,2022-05-02 08:20:00
1964,2022-05-02 08:15:00
1965,2022-05-02 08:10:00
1966,2022-05-02 08:05:00
1967,2022-05-02 08:00:00
1968,2022-05-02 07:55:00
1969,2022-05-02 07:50:00
1970,2022-05-02 07:45:00
1971,2022-05-02 07:40:00
1972,2022-05-02 07:35:00
1973,2022-05-02 07:30:00
1974,2022-05-02 07:25:00
1975,2022-05-02 07:20:00
1976,2022-05-02 07:15:00
1977,2022-05-02 07:10:00
1978,2022-05-02 07:05:00
1979,2022-05-02 06:55:00
1980,2022-05-02 06:50:00
1981,2022-05-02 06:45:00
1982,2022-05-02 06:40:00
1983,2022-05-02 06:35:00
1984,2022-05-02 06:25:00
1985,2022-05-02 06:20:00
1986,2022-05-02 06:10:00
1987,2022-05-02 06:00:00
1988,2022-05-02 05:55:00
1989,2022-05-02 05:40:00
1990,2022-05-02 05:30:00
1991,2022-05-02 05:25:00
1992,2022-05-02 05:15:00
1993,2022-05-02 05:10:00
1994,2022-05-02 05:05:00
1995,2022-05-02 05:00:00
1996,2022-05-02 04:55:00
1997,2022-05-02 04:50:00
1998,2022-05-02 04:45:00
1999,2022-05-02 04:40:00
2000,2022-05-02 04:35:00
2001,2022-05-02 04:30:00
2002,2022-05-02 04:20:00
2003,2022-05-02 04:10:00
2004,2022-05-02 04:05:00
2005,2022-04-29 20:00:00
2006,2022-04-29 19:55:00
2007,2022-04-29 19:50:00
2008,2022-04-29 19:45:00
2009,2022-04-29 19:40:00
2010,2022-04-29 19:35:00
2011,2022-04-29 19:30:00
2012,2022-04-29 19:25:00
2013,2022-04-29 19:20:00
2014,2022-04-29 19:15:00
2015,2022-04-29 19:10:00
2016,2022-04-29 19:05:00
2017,2022-04-29 19:00:00
2018,2022-04-29 18:55:00
2019,2022-04-29 18:50:00
2020,2022-04-29 18:45:00
2021,2022-04-29 18:40:00
2022,2022-04-29 18:35:00
2023,2022-04-29 18:30:00
2024,2022-04-29 18:25:00
2025,2022-04-29 18:20:00
2026,2022-04-29 18:15:00
2027,2022-04-29 18:10:00
2028,2022-04-29 18:05:00
2029,2022-04-29 18:00:00
2030,2022-04-29 17:55:00
2031,2022-04-29 17:50:00
2032,2022-04-29 17:45:00
2033,2022-04-29 17:40:00
2034,2022-04-29 17:35:00
2035,2022-04-29 17:30:00
2036,2022-04-29 17:25:00
2037,2022-04-29 17:20:00
2038,2022-04-29 17:15:00
2039,2022-04-29 17:10:00
2040,2022-04-29 17:05:00
2041,2022-04-29 17:00:00
2042,2022-04-29 16:55:00
2043,2022-04-29 16:50:00
2044,2022-04-29 16:45:00
2045,2022-04-29 16:40:00
2046,2022-04-29 16:35:00
2047,2022-04-29 16:30:00
2048,2022-04-29 16:25:00
2049,2022-04-29 16:20:00
2050,2022-04-29 16:15:00
2051,2022-04-29 16:10:00
2052,2022-04-29 16:05:00
2053,2022-04-29 16:00:00
2054,2022-04-29 15:55:00
2055,2022-04-29 15:50:00
2056,2022-04-29 15:45:00
2057,2022-04-29 15:40:00
2058,2022-04-29 15:35:00
2059,2022-04-29 15:30:00
2060,2022-04-29 15:25:00
2061,2022-04-29 15:20:00
2062,2022-04-29 15:15:00
2063,2022-04-29 15:10:00
2064,2022-04-29 15:05:00
2065,2022-04-29 15:00:00
2066,2022-04-29 14:55:00
2067,2022-04-29 14:50:00
2068,2022-04-29 14:45:00
2069,2022-04-29 14:40:00
2070,2022-04-29 14:35:00
2071,2022-04-29 14:30:00
2072,2022-04-29 14:25:00
2073,2022-04-29 14:20:00
2074,2022-04-29 14:15:00
2075,2022-04-29 14:10:00
2076,2022-04-29 14:05:00
2077,2022-04-29 14:00:00
2078,2022-04-29 13:55:00
2079,2022-04-29 13:50:00
2080,2022-04-29 13:45:00
2081,2022-04-29 13:40:00
2082,2022-04-29 13:35:00
2083,2022-04-29 13:30:00
2084,2022-04-29 13:25:00
2085,2022-04-29 13:20:00
2086,2022-04-29 13:15:00
2087,2022-04-29 13:10:00
2088,2022-04-29 13:05:00
2089,2022-04-29 13:00:00
2090,2022-04-29 12:55:00
2091,2022-04-29 12:50:00
2092,2022-04-29 12:45:00
2093,2022-04-29 12:40:00
2094,2022-04-29 12:35:00
2095,2022-04-29 12:30:00
2096,2022-04-29 12:25:00
2097,2022-04-29 12:20:00
2098,2022-04-29 12:15:00
2099,2022-04-29 12:10:00
2100,2022-04-29 12:05:00
2101,2022-04-29 12:00:00
2102,2022-04-29 11:55:00
2103,2022-04-29 11:50:00
2104,2022-04-29 11:45:00
2105,2022-04-29 11:40:00
2106,2022-04-29 11:35:00
2107,2022-04-29 11:30:00
2108,2022-04-29 11:25:00
2109,2022-04-29 11:20:00
2110,2022-04-29 11:15:00
2111,2022-04-29 11:10:00
2112,2022-04-29 11:05:00
2113,2022-04-29 11:00:00
2114,2022-04-29 10:55:00
2115,2022-04-29 10:50:00
2116,2022-04-29 10:45:00
2117,2022-04-29 10:40:00
2118,2022-04-29 10:35:00
2119,2022-04-29 10:30:00
2120,2022-04-29 10:25:00
2121,2022-04-29 10:20:00
2122,2022-04-29 10:15:00
2123,2022-04-29 10:10:00
2124,2022-04-29 10:05:00
2125,2022-04-29 10:00:00
2126,2022-04-29 09:55:00
2127,2022-04-29 09:50:00
2128,2022-04-29 09:45:00
2129,2022-04-29 09:40:00
2130,2022-04-29 09:35:00
2131,2022-04-29 09:30:00
2132,2022-04-29 09:25:00
2133,2022-04-29 09:20:00
2134,2022-04-29 09:15:00
2135,2022-04-29 09:10:00
2136,2022-04-29 09:05:00
2137,2022-04-29 09:00:00
2138,2022-04-29 08:55:00
2139,2022-04-29 08:50:00
2140,2022-04-29 08:45:00
2141,2022-04-29 08:40:00
2142,2022-04-29 08:35:00
2143,2022-04-29 08:30:00
2144,2022-04-29 08:25:00
2145,2022-04-29 08:20:00
2146,2022-04-29 08:15:00
2147,2022-04-29 08:10:00
2148,2022-04-29 08:05:00
2149,2022-04-29 08:00:00
2150,2022-04-29 07:55:00
2151,2022-04-29 07:50:00
2152,2022-04-29 07:45:00
2153,2022-04-29 07:40:00
2154,2022-04-29 07:35:00
2155,2022-04-29 07:30:00
2156,2022-04-29 07:25:00
2157,2022-04-29 07:20:00
2158,2022-04-29 07:15:00
2159,2022-04-29 07:10:00
2160,2022-04-29 07:05:00
2161,2022-04-29 07:00:00
2162,2022-04-29 06:55:00
2163,2022-04-29 06:50:00
2164,2022-04-29 06:45:00
2165,2022-04-29 06:40:00
2166,2022-04-29 06:30:00
2167,2022-04-29 06:25:00
2168,2022-04-29 06:20:00
2169,2022-04-29 06:15:00
2170,2022-04-29 06:10:00
2171,2022-04-29 06:05:00
2172,2022-04-29 06:00:00
2173,2022-04-29 05:55:00
2174,2022-04-29 05:50:00
2175,2022-04-29 05:45:00
2176,2022-04-29 05:40:00
2177,2022-04-29 05:35:00
2178,2022-04-29 05:30:00
2179,2022-04-29 05:25:00
2180,2022-04-29 05:20:00
2181,2022-04-29 05:15:00
2182,2022-04-29 05:10:00
2183,2022-04-29 05:05:00
2184,2022-04-29 05:00:00
2185,2022-04-29 04:55:00
2186,2022-04-29 04:50:00
2187,2022-04-29 04:45:00
2188,2022-04-29 04:40:00
2189,2022-04-29 04:35:00
2190,2022-04-29 04:30:00
2191,2022-04-29 04:25:00
2192,2022-04-29 04:20:00
2193,2022-04-29 04:15:00
2194,2022-04-29 04:10:00
2195,2022-04-29 04:05:00
2196,2022-04-28 20:00:00
2197,2022-04-28 19:55:00
2198,2022-04-28 19:50:00
2199,2022-04-28 19:45:00
2200,2022-04-28 19:40:00
2201,2022-04-28 19:35:00
2202,2022-04-28 19:30:00
2203,2022-04-28 19:25:00
2204,2022-04-28 19:20:00
2205,2022-04-28 19:15:00
2206,2022-04-28 19:10:00
2207,2022-04-28 19:05:00
2208,2022-04-28 19:00:00
2209,2022-04-28 18:55:00
2210,2022-04-28 18:50:00
2211,2022-04-28 18:45:00
2212,2022-04-28 18:40:00
2213,2022-04-28 18:35:00
2214,2022-04-28 18:30:00
2215,2022-04-28 18:25:00
2216,2022-04-28 18:20:00
2217,2022-04-28 18:15:00
2218,2022-04-28 18:10:00
2219,2022-04-28 18:05:00
2220,2022-04-28 18:00:00
2221,2022-04-28 17:55:00
2222,2022-04-28 17:50:00
2223,2022-04-28 17:45:00
2224,2022-04-28 17:40:00
2225,2022-04-28 17:35:00
2226,2022-04-28 17:30:00
2227,2022-04-28 17:25:00
2228,2022-04-28 17:20:00
2229,2022-04-28 17:15:00
2230,2022-04-28 17:10:00
2231,2022-04-28 17:05:00
2232,2022-04-28 17:00:00
2233,2022-04-28 16:55:00
2234,2022-04-28 16:50:00
2235,2022-04-28 16:45:00
2236,2022-04-28 16:40:00
2237,2022-04-28 16:35:00
2238,2022-04-28 16:30:00
2239,2022-04-28 16:25:00
2240,2022-04-28 16:20:00
2241,2022-04-28 16:15:00
2242,2022-04-28 16:10:00
2243,2022-04-28 16:05:00
2244,2022-04-28 16:00:00
2245,2022-04-28 15:55:00
2246,2022-04-28 15:50:00
2247,2022-04-28 15:45:00
2248,2022-04-28 15:40:00
2249,2022-04-28 15:35:00
2250,2022-04-28 15:30:00
2251,2022-04-28 15:25:00
2252,2022-04-28 15:20:00
2253,2022-04-28 15:15:00
2254,2022-04-28 15:10:00
2255,2022-04-28 15:05:00
2256,2022-04-28 15:00:00
2257,2022-04-28 14:55:00
2258,2022-04-28 14:50:00
2259,2022-04-28 14:45:00
2260,2022-04-28 14:40:00
2261,2022-04-28 14:35:00
2262,2022-04-28 14:30:00
2263,2022-04-28 14:25:00
2264,2022-04-28 14:20:00
2265,2022-04-28 14:15:00
2266,2022-04-28 14:10:00
2267,2022-04-28 14:05:00
2268,2022-04-28 14:00:00
2269,2022-04-28 13:55:00
2270,2022-04-28 13:50:00
2271,2022-04-28 13:45:00
2272,2022-04-28 13:40:00
2273,2022-04-28 13:35:00
2274,2022-04-28 13:30:00
2275,2022-04-28 13:25:00
2276,2022-04-28 13:20:00
2277,2022-04-28 13:15:00
2278,2022-04-28 13:10:00
2279,2022-04-28 13:05:00
2280,2022-04-28 13:00:00
2281,2022-04-28 12:55:00
2282,2022-04-28 12:50:00
2283,2022-04-28 12:45:00
2284,2022-04-28 12:40:00
2285,2022-04-28 12:35:00
2286,2022-04-28 12:30:00
2287,2022-04-28 12:25:00
2288,2022-04-28 12:20:00
2289,2022-04-28 12:15:00
2290,2022-04-28 12:10:00
2291,2022-04-28 12:05:00
2292,2022-04-28 12:00:00
2293,2022-04-28 11:55:00
2294,2022-04-28 11:50:00
2295,2022-04-28 11:45:00
2296,2022-04-28 11:40:00
2297,2022-04-28 11:35:00
2298,2022-04-28 11:30:00
2299,2022-04-28 11:25:00
2300,2022-04-28 11:20:00
2301,2022-04-28 11:15:00
2302,2022-04-28 11:10:00
2303,2022-04-28 11:05:00
2304,2022-04-28 11:00:00
2305,2022-04-28 10:55:00
2306,2022-04-28 10:50:00
2307,2022-04-28 10:45:00
2308,2022-04-28 10:40:00
2309,2022-04-28 10:35:00
2310,2022-04-28 10:30:00
2311,2022-04-28 10:25:00
2312,2022-04-28 10:20:00
2313,2022-04-28 10:15:00
2314,2022-04-28 10:10:00
2315,2022-04-28 10:05:00
2316,2022-04-28 10:00:00
2317,2022-04-28 09:55:00
2318,2022-04-28 09:50:00
2319,2022-04-28 09:45:00
2320,2022-04-28 09:40:00
2321,2022-04-28 09:35:00
2322,2022-04-28 09:30:00
2323,2022-04-28 09:25:00
2324,2022-04-28 09:20:00
2325,2022-04-28 09:15:00
2326,2022-04-28 09:10:00
2327,2022-04-28 09:05:00
2328,2022-04-28 09:00:00
2329,2022-04-28 08:55:00
2330,2022-04-28 08:50:00
2331,2022-04-28 08:45:00
2332,2022-04-28 08:40:00
2333,2022-04-28 08:35:00
2334,2022-04-28 08:30:00
2335,2022-04-28 08:25:00
2336,2022-04-28 08:20:00
2337,2022-04-28 08:15:00
2338,2022-04-28 08:10:00
2339,2022-04-28 08:05:00
2340,2022-04-28 08:00:00
2341,2022-04-28 07:55:00
2342,2022-04-28 07:50:00
2343,2022-04-28 07:45:00
2344,2022-04-28 07:40:00
2345,2022-04-28 07:35:00
2346,2022-04-28 07:30:00
2347,2022-04-28 07:25:00
2348,2022-04-28 07:20:00
2349,2022-04-28 07:15:00
2350,2022-04-28 07:10:00
2351,2022-04-28 07:05:00
2352,2022-04-28 07:00:00
2353,2022-04-28 06:55:00
2354,2022-04-28 06:50:00
2355,2022-04-28 06:45:00
2356,2022-04-28 06:40:00
2357,2022-04-28 06:35:00
2358,2022-04-28 06:30:00
2359,2022-04-28 06:25:00
2360,2022-04-28 06:20:00
2361,2022-04-28 06:15:00
2362,2022-04-28 06:10:00
2363,2022-04-28 06:05:00
2364,2022-04-28 05:55:00
2365,2022-04-28 05:50:00
2366,2022-04-28 05:45:00
2367,2022-04-28 05:40:00
2368,2022-04-28 05:35:00
2369,2022-04-28 05:30:00
2370,2022-04-28 05:25:00
2371,2022-04-28 05:20:00
2372,2022-04-28 05:15:00
2373,2022-04-28 05:10:00
2374,2022-04-28 05:05:00
2375,2022-04-28 04:35:00
2376,2022-04-28 04:30:00
2377,2022-04-28 04:25:00
2378,2022-04-28 04:20:00
2379,2022-04-28 04:15:00
2380,2022-04-28 04:10:00
2381,2022-04-28 04:05:00
2382,2022-04-27 20:00:00
2383,2022-04-27 19:55:00
2384,2022-04-27 19:50:00
2385,2022-04-27 19:45:00
2386,2022-04-27 19:35:00
2387,2022-04-27 19:30:00
2388,2022-04-27 19:25:00
2389,2022-04-27 19:20:00
2390,2022-04-27 19:15:00
2391,2022-04-27 19:10:00
2392,2022-04-27 19:05:00
2393,2022-04-27 18:55:00
2394,2022-04-27 18:50:00
2395,2022-04-27 18:45:00
2396,2022-04-27 18:40:00
2397,2022-04-27 18:35:00
2398,2022-04-27 18:30:00
2399,2022-04-27 18:25:00
2400,2022-04-27 18:15:00
2401,2022-04-27 18:10:00
2402,2022-04-27 18:05:00
2403,2022-04-27 18:00:00
2404,2022-04-27 17:50:00
2405,2022-04-27 17:45:00
2406,2022-04-27 17:40:00
2407,2022-04-27 17:35:00
2408,2022-04-27 17:30:00
2409,2022-04-27 17:25:00
2410,2022-04-27 17:20:00
2411,2022-04-27 17:15:00
2412,2022-04-27 17:10:00
2413,2022-04-27 17:05:00
2414,2022-04-27 17:00:00
2415,2022-04-27 16:55:00
2416,2022-04-27 16:50:00
2417,2022-04-27 16:45:00
2418,2022-04-27 16:40:00
2419,2022-04-27 16:35:00
2420,2022-04-27 16:30:00
2421,2022-04-27 16:25:00
2422,2022-04-27 16:20:00
2423,2022-04-27 16:15:00
2424,2022-04-27 16:10:00
2425,2022-04-27 16:05:00
2426,2022-04-27 16:00:00
2427,2022-04-27 15:55:00
2428,2022-04-27 15:50:00
2429,2022-04-27 15:45:00
2430,2022-04-27 15:40:00
2431,2022-04-27 15:35:00
2432,2022-04-27 15:30:00
2433,2022-04-27 15:25:00
2434,2022-04-27 15:20:00
2435,2022-04-27 15:15:00
2436,2022-04-27 15:10:00
2437,2022-04-27 15:05:00
2438,2022-04-27 15:00:00
2439,2022-04-27 14:55:00
2440,2022-04-27 14:50:00
2441,2022-04-27 14:45:00
2442,2022-04-27 14:40:00
2443,2022-04-27 14:35:00
2444,2022-04-27 14:30:00
2445,2022-04-27 14:25:00
2446,2022-04-27 14:20:00
2447,2022-04-27 14:15:00
2448,2022-04-27 14:10:00
2449,2022-04-27 14:05:00
2450,2022-04-27 14:00:00
2451,2022-04-27 13:55:00
2452,2022-04-27 13:50:00
2453,2022-04-27 13:45:00
2454,2022-04-27 13:40:00
2455,2022-04-27 13:35:00
2456,2022-04-27 13:30:00
2457,2022-04-27 13:25:00
2458,2022-04-27 13:20:00
2459,2022-04-27 13:15:00
2460,2022-04-27 13:10:00
2461,2022-04-27 13:05:00
2462,2022-04-27 13:00:00
2463,2022-04-27 12:55:00
2464,2022-04-27 12:50:00
2465,2022-04-27 12:45:00
2466,2022-04-27 12:40:00
2467,2022-04-27 12:35:00
2468,2022-04-27 12:30:00
2469,2022-04-27 12:25:00
2470,2022-04-27 12:20:00
2471,2022-04-27 12:15:00
2472,2022-04-27 12:10:00
2473,2022-04-27 12:05:00
2474,2022-04-27 12:00:00
2475,2022-04-27 11:55:00
2476,2022-04-27 11:50:00
2477,2022-04-27 11:45:00
2478,2022-04-27 11:40:00
2479,2022-04-27 11:35:00
2480,2022-04-27 11:30:00
2481,2022-04-27 11:25:00
2482,2022-04-27 11:20:00
2483,2022-04-27 11:15:00
2484,2022-04-27 11:10:00
2485,2022-04-27 11:05:00
2486,2022-04-27 11:00:00
2487,2022-04-27 10:55:00
2488,2022-04-27 10:50:00
2489,2022-04-27 10:45:00
2490,2022-04-27 10:40:00
2491,2022-04-27 10:35:00
2492,2022-04-27 10:30:00
2493,2022-04-27 10:25:00
2494,2022-04-27 10:20:00
2495,2022-04-27 10:15:00
2496,2022-04-27 10:10:00
2497,2022-04-27 10:05:00
2498,2022-04-27 10:00:00
2499,2022-04-27 09:55:00
2500,2022-04-27 09:50:00
2501,2022-04-27 09:45:00
2502,2022-04-27 09:40:00
2503,2022-04-27 09:35:00
2504,2022-04-27 09:30:00
2505,2022-04-27 09:25:00
2506,2022-04-27 09:20:00
2507,2022-04-27 09:15:00
2508,2022-04-27 09:10:00
2509,2022-04-27 09:05:00
2510,2022-04-27 09:00:00
2511,2022-04-27 08:55:00
2512,2022-04-27 08:50:00
2513,2022-04-27 08:45:00
2514,2022-04-27 08:40:00
2515,2022-04-27 08:35:00
2516,2022-04-27 08:30:00
2517,2022-04-27 08:25:00
2518,2022-04-27 08:20:00
2519,2022-04-27 08:15:00
2520,2022-04-27 08:10:00
2521,2022-04-27 08:05:00
2522,2022-04-27 08:00:00
2523,2022-04-27 07:55:00
2524,2022-04-27 07:50:00
2525,2022-04-27 07:45:00
2526,2022-04-27 07:40:00
2527,2022-04-27 07:35:00
2528,2022-04-27 07:30:00
2529,2022-04-27 07:25:00
2530,2022-04-27 07:20:00
2531,2022-04-27 07:15:00
2532,2022-04-27 07:10:00
2533,2022-04-27 07:05:00
2534,2022-04-27 07:00:00
2535,2022-04-27 06:55:00
2536,2022-04-27 06:50:00
2537,2022-04-27 06:45:00
2538,2022-04-27 06:40:00
2539,2022-04-27 06:35:00
2540,2022-04-27 06:30:00
2541,2022-04-27 06:25:00
2542,2022-04-27 06:15:00
2543,2022-04-27 06:10:00
2544,2022-04-27 06:05:00
2545,2022-04-27 06:00:00
2546,2022-04-27 05:55:00
2547,2022-04-27 05:50:00
2548,2022-04-27 05:45:00
2549,2022-04-27 05:40:00
2550,2022-04-27 05:35:00
2551,2022-04-27 05:30:00
2552,2022-04-27 05:25:00
2553,2022-04-27 05:20:00
2554,2022-04-27 05:15:00
2555,2022-04-27 05:10:00
2556,2022-04-27 05:05:00
2557,2022-04-27 05:00:00
2558,2022-04-27 04:55:00
2559,2022-04-27 04:50:00
2560,2022-04-27 04:45:00
2561,2022-04-27 04:40:00
2562,2022-04-27 04:35:00
2563,2022-04-27 04:30:00
2564,2022-04-27 04:25:00
2565,2022-04-27 04:20:00
2566,2022-04-27 04:15:00
2567,2022-04-27 04:10:00
2568,2022-04-27 04:05:00
2569,2022-04-26 20:00:00
2570,2022-04-26 19:55:00
2571,2022-04-26 19:50:00
2572,2022-04-26 19:45:00
2573,2022-04-26 19:40:00
2574,2022-04-26 19:35:00
2575,2022-04-26 19:30:00
2576,2022-04-26 19:25:00
2577,2022-04-26 19:20:00
2578,2022-04-26 19:15:00
2579,2022-04-26 19:10:00
2580,2022-04-26 19:05:00
2581,2022-04-26 19:00:00
2582,2022-04-26 18:55:00
2583,2022-04-26 18:50:00
2584,2022-04-26 18:45:00
2585,2022-04-26 18:40:00
2586,2022-04-26 18:35:00
2587,2022-04-26 18:30:00
2588,2022-04-26 18:25:00
2589,2022-04-26 18:20:00
2590,2022-04-26 18:15:00
2591,2022-04-26 18:10:00
2592,2022-04-26 18:05:00
2593,2022-04-26 18:00:00
2594,2022-04-26 17:55:00
2595,2022-04-26 17:50:00
2596,2022-04-26 17:45:00
2597,2022-04-26 17:40:00
2598,2022-04-26 17:35:00
2599,2022-04-26 17:30:00
2600,2022-04-26 17:25:00
2601,2022-04-26 17:20:00
2602,2022-04-26 17:15:00
2603,2022-04-26 17:10:00
2604,2022-04-26 17:05:00
2605,2022-04-26 17:00:00
2606,2022-04-26 16:55:00
2607,2022-04-26 16:50:00
2608,2022-04-26 16:45:00
2609,2022-04-26 16:40:00
2610,2022-04-26 16:35:00
2611,2022-04-26 16:30:00
2612,2022-04-26 16:25:00
2613,2022-04-26 16:20:00
2614,2022-04-26 16:15:00
2615,2022-04-26 16:10:00
2616,2022-04-26 16:05:00
2617,2022-04-26 16:00:00
2618,2022-04-26 15:55:00
2619,2022-04-26 15:50:00
2620,2022-04-26 15:45:00
2621,2022-04-26 15:40:00
2622,2022-04-26 15:35:00
2623,2022-04-26 15:30:00
2624,2022-04-26 15:25:00
2625,2022-04-26 15:20:00
2626,2022-04-26 15:15:00
2627,2022-04-26 15:10:00
2628,2022-04-26 15:05:00
2629,2022-04-26 15:00:00
2630,2022-04-26 14:55:00
2631,2022-04-26 14:50:00
2632,2022-04-26 14:45:00
2633,2022-04-26 14:40:00
2634,2022-04-26 14:35:00
2635,2022-04-26 14:30:00
2636,2022-04-26 14:25:00
2637,2022-04-26 14:20:00
2638,2022-04-26 14:15:00
2639,2022-04-26 14:10:00
2640,2022-04-26 14:05:00
2641,2022-04-26 14:00:00
2642,2022-04-26 13:55:00
2643,2022-04-26 13:50:00
2644,2022-04-26 13:45:00
2645,2022-04-26 13:40:00
2646,2022-04-26 13:35:00
2647,2022-04-26 13:30:00
2648,2022-04-26 13:25:00
2649,2022-04-26 13:20:00
2650,2022-04-26 13:15:00
2651,2022-04-26 13:10:00
2652,2022-04-26 13:05:00
2653,2022-04-26 13:00:00
2654,2022-04-26 12:55:00
2655,2022-04-26 12:50:00
2656,2022-04-26 12:45:00
2657,2022-04-26 12:40:00
2658,2022-04-26 12:35:00
2659,2022-04-26 12:30:00
2660,2022-04-26 12:25:00
2661,2022-04-26 12:20:00
2662,2022-04-26 12:15:00
2663,2022-04-26 12:10:00
2664,2022-04-26 12:05:00
2665,2022-04-26 12:00:00
2666,2022-04-26 11:55:00
2667,2022-04-26 11:50:00
2668,2022-04-26 11:45:00
2669,2022-04-26 11:40:00
2670,2022-04-26 11:35:00
2671,2022-04-26 11:30:00
2672,2022-04-26 11:25:00
2673,2022-04-26 11:20:00
2674,2022-04-26 11:15:00
2675,2022-04-26 11:10:00
2676,2022-04-26 11:05:00
2677,2022-04-26 11:00:00
2678,2022-04-26 10:55:00
2679,2022-04-26 10:50:00
2680,2022-04-26 10:45:00
2681,2022-04-26 10:40:00
2682,2022-04-26 10:35:00
2683,2022-04-26 10:30:00
2684,2022-04-26 10:25:00
2685,2022-04-26 10:20:00
2686,2022-04-26 10:15:00
2687,2022-04-26 10:10:00
2688,2022-04-26 10:05:00
2689,2022-04-26 10:00:00
2690,2022-04-26 09:55:00
2691,2022-04-26 09:50:00
2692,2022-04-26 09:45:00
2693,2022-04-26 09:40:00
2694,2022-04-26 09:35:00
2695,2022-04-26 09:30:00
2696,2022-04-26 09:25:00
2697,2022-04-26 09:20:00
2698,2022-04-26 09:15:00
2699,2022-04-26 09:10:00
2700,2022-04-26 09:05:00
2701,2022-04-26 09:00:00
2702,2022-04-26 08:55:00
2703,2022-04-26 08:50:00
2704,2022-04-26 08:45:00
2705,2022-04-26 08:40:00
2706,2022-04-26 08:35:00
2707,2022-04-26 08:30:00
2708,2022-04-26 08:25:00
2709,2022-04-26 08:20:00
2710,2022-04-26 08:15:00
2711,2022-04-26 08:10:00
2712,2022-04-26 08:05:00
2713,2022-04-26 08:00:00
2714,2022-04-26 07:55:00
2715,2022-04-26 07:50:00
2716,2022-04-26 07:45:00
2717,2022-04-26 07:40:00
2718,2022-04-26 07:35:00
2719,2022-04-26 07:30:00
2720,2022-04-26 07:25:00
2721,2022-04-26 07:20:00
2722,2022-04-26 07:15:00
2723,2022-04-26 07:10:00
2724,2022-04-26 07:05:00
2725,2022-04-26 06:35:00
2726,2022-04-26 06:30:00
2727,2022-04-26 06:20:00
2728,2022-04-26 06:15:00
2729,2022-04-26 06:10:00
2730,2022-04-26 06:00:00
2731,2022-04-26 05:45:00
2732,2022-04-26 05:35:00
2733,2022-04-26 05:30:00
2734,2022-04-26 05:25:00
2735,2022-04-26 05:10:00
2736,2022-04-26 05:00:00
2737,2022-04-26 04:40:00
2738,2022-04-26 04:35:00
2739,2022-04-26 04:25:00
2740,2022-04-26 04:20:00
2741,2022-04-26 04:15:00
2742,2022-04-26 04:10:00
2743,2022-04-26 04:05:00
2744,2022-04-25 20:00:00
2745,2022-04-25 19:55:00
2746,2022-04-25 19:50:00
2747,2022-04-25 19:45:00
2748,2022-04-25 19:40:00
2749,2022-04-25 19:35:00
2750,2022-04-25 19:25:00
2751,2022-04-25 19:20:00
2752,2022-04-25 19:10:00
2753,2022-04-25 19:05:00
2754,2022-04-25 19:00:00
2755,2022-04-25 18:55:00
2756,2022-04-25 18:45:00
2757,2022-04-25 18:40:00
2758,2022-04-25 18:35:00
2759,2022-04-25 18:30:00
2760,2022-04-25 18:25:00
2761,2022-04-25 18:20:00
2762,2022-04-25 18:15:00
2763,2022-04-25 18:10:00
2764,2022-04-25 18:05:00
2765,2022-04-25 18:00:00
2766,2022-04-25 17:55:00
2767,2022-04-25 17:50:00
2768,2022-04-25 17:40:00
2769,2022-04-25 17:35:00
2770,2022-04-25 17:30:00
2771,2022-04-25 17:25:00
2772,2022-04-25 17:20:00
2773,2022-04-25 17:15:00
2774,2022-04-25 17:10:00
2775,2022-04-25 17:05:00
2776,2022-04-25 17:00:00
2777,2022-04-25 16:55:00
2778,2022-04-25 16:50:00
2779,2022-04-25 16:45:00
2780,2022-04-25 16:40:00
2781,2022-04-25 16:35:00
2782,2022-04-25 16:30:00
2783,2022-04-25 16:25:00
2784,2022-04-25 16:20:00
2785,2022-04-25 16:15:00
2786,2022-04-25 16:10:00
2787,2022-04-25 16:05:00
2788,2022-04-25 16:00:00
2789,2022-04-25 15:55:00
2790,2022-04-25 15:50:00
2791,2022-04-25 15:45:00
2792,2022-04-25 15:40:00
2793,2022-04-25 15:35:00
2794,2022-04-25 15:30:00
2795,2022-04-25 15:25:00
2796,2022-04-25 15:20:00
2797,2022-04-25 15:15:00
2798,2022-04-25 15:10:00
2799,2022-04-25 15:05:00
2800,2022-04-25 15:00:00
2801,2022-04-25 14:55:00
2802,2022-04-25 14:50:00
2803,2022-04-25 14:45:00
2804,2022-04-25 14:40:00
2805,2022-04-25 14:35:00
2806,2022-04-25 14:30:00
2807,2022-04-25 14:25:00
2808,2022-04-25 14:20:00
2809,2022-04-25 14:15:00
2810,2022-04-25 14:10:00
2811,2022-04-25 14:05:00
2812,2022-04-25 14:00:00
2813,2022-04-25 13:55:00
2814,2022-04-25 13:50:00
2815,2022-04-25 13:45:00
2816,2022-04-25 13:40:00
2817,2022-04-25 13:35:00
2818,2022-04-25 13:30:00
2819,2022-04-25 13:25:00
2820,2022-04-25 13:20:00
2821,2022-04-25 13:15:00
2822,2022-04-25 13:10:00
2823,2022-04-25 13:05:00
2824,2022-04-25 13:00:00
2825,2022-04-25 12:55:00
2826,2022-04-25 12:50:00
2827,2022-04-25 12:45:00
2828,2022-04-25 12:40:00
2829,2022-04-25 12:35:00
2830,2022-04-25 12:30:00
2831,2022-04-25 12:25:00
2832,2022-04-25 12:20:00
2833,2022-04-25 12:15:00
2834,2022-04-25 12:10:00
2835,2022-04-25 12:05:00
2836,2022-04-25 12:00:00
2837,2022-04-25 11:55:00
2838,2022-04-25 11:50:00
2839,2022-04-25 11:45:00
2840,2022-04-25 11:40:00
2841,2022-04-25 11:35:00
2842,2022-04-25 11:30:00
2843,2022-04-25 11:25:00
2844,2022-04-25 11:20:00
2845,2022-04-25 11:15:00
2846,2022-04-25 11:10:00
2847,2022-04-25 11:05:00
2848,2022-04-25 11:00:00
2849,2022-04-25 10:55:00
2850,2022-04-25 10:50:00
2851,2022-04-25 10:45:00
2852,2022-04-25 10:40:00
2853,2022-04-25 10:35:00
2854,2022-04-25 10:30:00
2855,2022-04-25 10:25:00
2856,2022-04-25 10:20:00
2857,2022-04-25 10:15:00
2858,2022-04-25 10:10:00
2859,2022-04-25 10:05:00
2860,2022-04-25 10:00:00
2861,2022-04-25 09:55:00
2862,2022-04-25 09:50:00
2863,2022-04-25 09:45:00
2864,2022-04-25 09:40:00
2865,2022-04-25 09:35:00
2866,2022-04-25 09:30:00
2867,2022-04-25 09:25:00
2868,2022-04-25 09:20:00
2869,2022-04-25 09:15:00
2870,2022-04-25 09:10:00
2871,2022-04-25 09:05:00
2872,2022-04-25 09:00:00
2873,2022-04-25 08:55:00
2874,2022-04-25 08:50:00
2875,2022-04-25 08:45:00
2876,2022-04-25 08:40:00
2877,2022-04-25 08:35:00
2878,2022-04-25 08:30:00
2879,2022-04-25 08:25:00
2880,2022-04-25 08:20:00
2881,2022-04-25 08:15:00
2882,2022-04-25 08:10:00
2883,2022-04-25 08:05:00
2884,2022-04-25 08:00:00
2885,2022-04-25 07:55:00
2886,2022-04-25 07:50:00
2887,2022-04-25 07:45:00
2888,2022-04-25 07:40:00
2889,2022-04-25 07:35:00
2890,2022-04-25 07:30:00
2891,2022-04-25 07:25:00
2892,2022-04-25 07:20:00
2893,2022-04-25 07:15:00
2894,2022-04-25 07:10:00
2895,2022-04-25 07:05:00
2896,2022-04-25 07:00:00
2897,2022-04-25 06:55:00
2898,2022-04-25 06:50:00
2899,2022-04-25 06:40:00
2900,2022-04-25 06:35:00
2901,2022-04-25 06:30:00
2902,2022-04-25 06:25:00
2903,2022-04-25 06:15:00
2904,2022-04-25 06:05:00
2905,2022-04-25 05:55:00
2906,2022-04-25 05:50:00
2907,2022-04-25 05:45:00
2908,2022-04-25 05:35:00
2909,2022-04-25 05:30:00
2910,2022-04-25 05:25:00
2911,2022-04-25 05:20:00
2912,2022-04-25 05:15:00
2913,2022-04-25 05:10:00
2914,2022-04-25 05:05:00
2915,2022-04-25 05:00:00
2916,2022-04-25 04:55:00
2917,2022-04-25 04:50:00
2918,2022-04-25 04:45:00
2919,2022-04-25 04:40:00
2920,2022-04-25 04:30:00
2921,2022-04-25 04:25:00
2922,2022-04-25 04:20:00
2923,2022-04-25 04:15:00
2924,2022-04-25 04:10:00
2925,2022-04-25 04:05:00
2926,2022-04-22 20:00:00
2927,2022-04-22 19:55:00
2928,2022-04-22 19:50:00
2929,2022-04-22 19:45:00
2930,2022-04-22 19:35:00
2931,2022-04-22 19:30:00
2932,2022-04-22 19:25:00
2933,2022-04-22 19:20:00
2934,2022-04-22 19:15:00
2935,2022-04-22 19:10:00
2936,2022-04-22 19:05:00
2937,2022-04-22 19:00:00
2938,2022-04-22 18:55:00
2939,2022-04-22 18:50:00
2940,2022-04-22 18:45:00
2941,2022-04-22 18:40:00
2942,2022-04-22 18:35:00
2943,2022-04-22 18:30:00
2944,2022-04-22 18:20:00
2945,2022-04-22 18:15:00
2946,2022-04-22 18:05:00
2947,2022-04-22 17:55:00
2948,2022-04-22 17:50:00
2949,2022-04-22 17:45:00
2950,2022-04-22 17:40:00
2951,2022-04-22 17:35:00
2952,2022-04-22 17:30:00
2953,2022-04-22 17:25:00
2954,2022-04-22 17:20:00
2955,2022-04-22 17:15:00
2956,2022-04-22 17:10:00
2957,2022-04-22 17:05:00
2958,2022-04-22 17:00:00
2959,2022-04-22 16:55:00
2960,2022-04-22 16:50:00
2961,2022-04-22 16:45:00
2962,2022-04-22 16:40:00
2963,2022-04-22 16:35:00
2964,2022-04-22 16:30:00
2965,2022-04-22 16:25:00
2966,2022-04-22 16:20:00
2967,2022-04-22 16:15:00
2968,2022-04-22 16:10:00
2969,2022-04-22 16:05:00
2970,2022-04-22 16:00:00
2971,2022-04-22 15:55:00
2972,2022-04-22 15:50:00
2973,2022-04-22 15:45:00
2974,2022-04-22 15:40:00
2975,2022-04-22 15:35:00
2976,2022-04-22 15:30:00
2977,2022-04-22 15:25:00
2978,2022-04-22 15:20:00
2979,2022-04-22 15:15:00
2980,2022-04-22 15:10:00
2981,2022-04-22 15:05:00
2982,2022-04-22 15:00:00
2983,2022-04-22 14:55:00
2984,2022-04-22 14:50:00
2985,2022-04-22 14:45:00
2986,2022-04-22 14:40:00
2987,2022-04-22 14:35:00
2988,2022-04-22 14:30:00
2989,2022-04-22 14:25:00
2990,2022-04-22 14:20:00
2991,2022-04-22 14:15:00
2992,2022-04-22 14:10:00
2993,2022-04-22 14:05:00
2994,2022-04-22 14:00:00
2995,2022-04-22 13:55:00
2996,2022-04-22 13:50:00
2997,2022-04-22 13:45:00
2998,2022-04-22 13:40:00
2999,2022-04-22 13:35:00
3000,2022-04-22 13:30:00
3001,2022-04-22 13:25:00
3002,2022-04-22 13:20:00
3003,2022-04-22 13:15:00
3004,2022-04-22 13:10:00
3005,2022-04-22 13:05:00
3006,2022-04-22 13:00:00
3007,2022-04-22 12:55:00
3008,2022-04-22 12:50:00
3009,2022-04-22 12:45:00
3010,2022-04-22 12:40:00
3011,2022-04-22 12:35:00
3012,2022-04-22 12:30:00
3013,2022-04-22 12:25:00
3014,2022-04-22 12:20:00
3015,2022-04-22 12:15:00
3016,2022-04-22 12:10:00
3017,2022-04-22 12:05:00
3018,2022-04-22 12:00:00
3019,2022-04-22 11:55:00
3020,2022-04-22 11:50:00
3021,2022-04-22 11:45:00
3022,2022-04-22 11:40:00
3023,2022-04-22 11:35:00
3024,2022-04-22 11:30:00
3025,2022-04-22 11:25:00
3026,2022-04-22 11:20:00
3027,2022-04-22 11:15:00
3028,2022-04-22 11:10:00
3029,2022-04-22 11:05:00
3030,2022-04-22 11:00:00
3031,2022-04-22 10:55:00
3032,2022-04-22 10:50:00
3033,2022-04-22 10:45:00
3034,2022-04-22 10:40:00
3035,2022-04-22 10:35:00
3036,2022-04-22 10:30:00
3037,2022-04-22 10:25:00
3038,2022-04-22 10:20:00
3039,2022-04-22 10:15:00
3040,2022-04-22 10:10:00
3041,2022-04-22 10:05:00
3042,2022-04-22 10:00:00
3043,2022-04-22 09:55:00
3044,2022-04-22 09:50:00
3045,2022-04-22 09:45:00
3046,2022-04-22 09:40:00
3047,2022-04-22 09:35:00
3048,2022-04-22 09:30:00
3049,2022-04-22 09:25:00
3050,2022-04-22 09:20:00
3051,2022-04-22 09:15:00
3052,2022-04-22 09:10:00
3053,2022-04-22 09:05:00
3054,2022-04-22 09:00:00
3055,2022-04-22 08:55:00
3056,2022-04-22 08:50:00
3057,2022-04-22 08:45:00
3058,2022-04-22 08:40:00
3059,2022-04-22 08:35:00
3060,2022-04-22 08:30:00
3061,2022-04-22 08:25:00
3062,2022-04-22 08:20:00
3063,2022-04-22 08:15:00
3064,2022-04-22 08:10:00
3065,2022-04-22 08:05:00
3066,2022-04-22 08:00:00
3067,2022-04-22 07:55:00
3068,2022-04-22 07:50:00
3069,2022-04-22 07:45:00
3070,2022-04-22 07:40:00
3071,2022-04-22 07:35:00
3072,2022-04-22 07:30:00
3073,2022-04-22 07:25:00
3074,2022-04-22 07:20:00
3075,2022-04-22 07:15:00
3076,2022-04-22 07:10:00
3077,2022-04-22 07:05:00
3078,2022-04-22 07:00:00
3079,2022-04-22 06:50:00
3080,2022-04-22 06:40:00
3081,2022-04-22 06:35:00
3082,2022-04-22 06:05:00
3083,2022-04-22 06:00:00
3084,2022-04-22 05:55:00
3085,2022-04-22 05:50:00
3086,2022-04-22 05:40:00
3087,2022-04-22 05:35:00
3088,2022-04-22 05:25:00
3089,2022-04-22 05:15:00
3090,2022-04-22 05:10:00
3091,2022-04-22 05:05:00
3092,2022-04-22 04:40:00
3093,2022-04-22 04:35:00
3094,2022-04-22 04:30:00
3095,2022-04-22 04:20:00
3096,2022-04-22 04:15:00
3097,2022-04-22 04:10:00
3098,2022-04-22 04:05:00
3099,2022-04-21 20:00:00
3100,2022-04-21 19:55:00
3101,2022-04-21 19:50:00
3102,2022-04-21 19:45:00
3103,2022-04-21 19:40:00
3104,2022-04-21 19:35:00
3105,2022-04-21 19:30:00
3106,2022-04-21 19:15:00
3107,2022-04-21 19:10:00
3108,2022-04-21 19:05:00
3109,2022-04-21 19:00:00
3110,2022-04-21 18:55:00
3111,2022-04-21 18:50:00
3112,2022-04-21 18:45:00
3113,2022-04-21 18:40:00
3114,2022-04-21 18:35:00
3115,2022-04-21 18:30:00
3116,2022-04-21 18:25:00
3117,2022-04-21 18:20:00
3118,2022-04-21 18:15:00
3119,2022-04-21 18:10:00
3120,2022-04-21 18:05:00
3121,2022-04-21 18:00:00
3122,2022-04-21 17:55:00
3123,2022-04-21 17:50:00
3124,2022-04-21 17:45:00
3125,2022-04-21 17:40:00
3126,2022-04-21 17:35:00
3127,2022-04-21 17:30:00
3128,2022-04-21 17:25:00
3129,2022-04-21 17:20:00
3130,2022-04-21 17:15:00
3131,2022-04-21 17:10:00
3132,2022-04-21 17:05:00
3133,2022-04-21 17:00:00
3134,2022-04-21 16:55:00
3135,2022-04-21 16:50:00
3136,2022-04-21 16:45:00
3137,2022-04-21 16:40:00
3138,2022-04-21 16:35:00
3139,2022-04-21 16:30:00
3140,2022-04-21 16:25:00
3141,2022-04-21 16:20:00
3142,2022-04-21 16:15:00
3143,2022-04-21 16:10:00
3144,2022-04-21 16:05:00
3145,2022-04-21 16:00:00
3146,2022-04-21 15:55:00
3147,2022-04-21 15:50:00
3148,2022-04-21 15:45:00
3149,2022-04-21 15:40:00
3150,2022-04-21 15:35:00
3151,2022-04-21 15:30:00
3152,2022-04-21 15:25:00
3153,2022-04-21 15:20:00
3154,2022-04-21 15:15:00
3155,2022-04-21 15:10:00
3156,2022-04-21 15:05:00
3157,2022-04-21 15:00:00
3158,2022-04-21 14:55:00
3159,2022-04-21 14:50:00
3160,2022-04-21 14:45:00
3161,2022-04-21 14:40:00
3162,2022-04-21 14:35:00
3163,2022-04-21 14:30:00
3164,2022-04-21 14:25:00
3165,2022-04-21 14:20:00
3166,2022-04-21 14:15:00
3167,2022-04-21 14:10:00
3168,2022-04-21 14:05:00
3169,2022-04-21 14:00:00
3170,2022-04-21 13:55:00
3171,2022-04-21 13:50:00
3172,2022-04-21 13:45:00
3173,2022-04-21 13:40:00
3174,2022-04-21 13:35:00
3175,2022-04-21 13:30:00
3176,2022-04-21 13:25:00
3177,2022-04-21 13:20:00
3178,2022-04-21 13:15:00
3179,2022-04-21 13:10:00
3180,2022-04-21 13:05:00
3181,2022-04-21 13:00:00
3182,2022-04-21 12:55:00
3183,2022-04-21 12:50:00
3184,2022-04-21 12:45:00
3185,2022-04-21 12:40:00
3186,2022-04-21 12:35:00
3187,2022-04-21 12:30:00
3188,2022-04-21 12:25:00
3189,2022-04-21 12:20:00
3190,2022-04-21 12:15:00
3191,2022-04-21 12:10:00
3192,2022-04-21 12:05:00
3193,2022-04-21 12:00:00
3194,2022-04-21 11:55:00
3195,2022-04-21 11:50:00
3196,2022-04-21 11:45:00
3197,2022-04-21 11:40:00
3198,2022-04-21 11:35:00
3199,2022-04-21 11:30:00
3200,2022-04-21 11:25:00
3201,2022-04-21 11:20:00
3202,2022-04-21 11:15:00
3203,2022-04-21 11:10:00
3204,2022-04-21 11:05:00
3205,2022-04-21 11:00:00
3206,2022-04-21 10:55:00
3207,2022-04-21 10:50:00
3208,2022-04-21 10:45:00
3209,2022-04-21 10:40:00
3210,2022-04-21 10:35:00
3211,2022-04-21 10:30:00
3212,2022-04-21 10:25:00
3213,2022-04-21 10:20:00
3214,2022-04-21 10:15:00
3215,2022-04-21 10:10:00
3216,2022-04-21 10:05:00
3217,2022-04-21 10:00:00
3218,2022-04-21 09:55:00
3219,2022-04-21 09:50:00
3220,2022-04-21 09:45:00
3221,2022-04-21 09:40:00
3222,2022-04-21 09:35:00
3223,2022-04-21 09:30:00
3224,2022-04-21 09:25:00
3225,2022-04-21 09:20:00
3226,2022-04-21 09:15:00
3227,2022-04-21 09:10:00
3228,2022-04-21 09:05:00
3229,2022-04-21 09:00:00
3230,2022-04-21 08:55:00
3231,2022-04-21 08:50:00
3232,2022-04-21 08:45:00
3233,2022-04-21 08:40:00
3234,2022-04-21 08:35:00
3235,2022-04-21 08:30:00
3236,2022-04-21 08:25:00
3237,2022-04-21 08:20:00
3238,2022-04-21 08:15:00
3239,2022-04-21 08:10:00
3240,2022-04-21 08:05:00
3241,2022-04-21 08:00:00
3242,2022-04-21 07:55:00
3243,2022-04-21 07:50:00
3244,2022-04-21 07:45:00
3245,2022-04-21 07:40:00
3246,2022-04-21 07:35:00
3247,2022-04-21 07:30:00
3248,2022-04-21 07:25:00
3249,2022-04-21 07:20:00
3250,2022-04-21 07:15:00
3251,2022-04-21 07:10:00
3252,2022-04-21 07:05:00
3253,2022-04-21 07:00:00
3254,2022-04-21 06:55:00
3255,2022-04-21 06:50:00
3256,2022-04-21 06:45:00
3257,2022-04-21 06:40:00
3258,2022-04-21 06:35:00
3259,2022-04-21 06:30:00
3260,2022-04-21 06:25:00
3261,2022-04-21 06:20:00
3262,2022-04-21 06:15:00
3263,2022-04-21 06:10:00
3264,2022-04-21 06:05:00
3265,2022-04-21 06:00:00
3266,2022-04-21 05:55:00
3267,2022-04-21 05:50:00
3268,2022-04-21 05:45:00
3269,2022-04-21 05:40:00
3270,2022-04-21 05:35:00
3271,2022-04-21 05:30:00
3272,2022-04-21 05:25:00
3273,2022-04-21 05:20:00
3274,2022-04-21 05:15:00
3275,2022-04-21 05:10:00
3276,2022-04-21 05:05:00
3277,2022-04-21 05:00:00
3278,2022-04-21 04:55:00
3279,2022-04-21 04:45:00
3280,2022-04-21 04:40:00
3281,2022-04-21 04:35:00
3282,2022-04-21 04:30:00
3283,2022-04-21 04:25:00
3284,2022-04-21 04:20:00
3285,2022-04-21 04:15:00
3286,2022-04-21 04:10:00
3287,2022-04-21 04:05:00
3288,2022-04-20 20:00:00
3289,2022-04-20 19:55:00
3290,2022-04-20 19:50:00
3291,2022-04-20 19:45:00
3292,2022-04-20 19:40:00
3293,2022-04-20 19:35:00
3294,2022-04-20 19:30:00
3295,2022-04-20 19:25:00
3296,2022-04-20 19:20:00
3297,2022-04-20 19:15:00
3298,2022-04-20 19:10:00
3299,2022-04-20 19:05:00
3300,2022-04-20 19:00:00
3301,2022-04-20 18:55:00
3302,2022-04-20 18:50:00
3303,2022-04-20 18:45:00
3304,2022-04-20 18:40:00
3305,2022-04-20 18:35:00
3306,2022-04-20 18:30:00
3307,2022-04-20 18:25:00
3308,2022-04-20 18:20:00
3309,2022-04-20 18:15:00
3310,2022-04-20 18:10:00
3311,2022-04-20 18:05:00
3312,2022-04-20 18:00:00
3313,2022-04-20 17:55:00
3314,2022-04-20 17:50:00
3315,2022-04-20 17:45:00
3316,2022-04-20 17:40:00
3317,2022-04-20 17:35:00
3318,2022-04-20 17:30:00
3319,2022-04-20 17:25:00
3320,2022-04-20 17:20:00
3321,2022-04-20 17:15:00
3322,2022-04-20 17:10:00
3323,2022-04-20 17:05:00
3324,2022-04-20 17:00:00
3325,2022-04-20 16:55:00
3326,2022-04-20 16:50:00
3327,2022-04-20 16:45:00
3328,2022-04-20 16:40:00
3329,2022-04-20 16:35:00
3330,2022-04-20 16:30:00
3331,2022-04-20 16:25:00
3332,2022-04-20 16:20:00
3333,2022-04-20 16:15:00
3334,2022-04-20 16:10:00
3335,2022-04-20 16:05:00
3336,2022-04-20 16:00:00
3337,2022-04-20 15:55:00
3338,2022-04-20 15:50:00
3339,2022-04-20 15:45:00
3340,2022-04-20 15:40:00
3341,2022-04-20 15:35:00
3342,2022-04-20 15:30:00
3343,2022-04-20 15:25:00
3344,2022-04-20 15:20:00
3345,2022-04-20 15:15:00
3346,2022-04-20 15:10:00
3347,2022-04-20 15:05:00
3348,2022-04-20 15:00:00
3349,2022-04-20 14:55:00
3350,2022-04-20 14:50:00
3351,2022-04-20 14:45:00
3352,2022-04-20 14:40:00
3353,2022-04-20 14:35:00
3354,2022-04-20 14:30:00
3355,2022-04-20 14:25:00
3356,2022-04-20 14:20:00
3357,2022-04-20 14:15:00
3358,2022-04-20 14:10:00
3359,2022-04-20 14:05:00
3360,2022-04-20 14:00:00
3361,2022-04-20 13:55:00
3362,2022-04-20 13:50:00
3363,2022-04-20 13:45:00
3364,2022-04-20 13:40:00
3365,2022-04-20 13:35:00
3366,2022-04-20 13:30:00
3367,2022-04-20 13:25:00
3368,2022-04-20 13:20:00
3369,2022-04-20 13:15:00
3370,2022-04-20 13:10:00
3371,2022-04-20 13:05:00
3372,2022-04-20 13:00:00
3373,2022-04-20 12:55:00
3374,2022-04-20 12:50:00
3375,2022-04-20 12:45:00
3376,2022-04-20 12:40:00
3377,2022-04-20 12:35:00
3378,2022-04-20 12:30:00
3379,2022-04-20 12:25:00
3380,2022-04-20 12:20:00
3381,2022-04-20 12:15:00
3382,2022-04-20 12:10:00
3383,2022-04-20 12:05:00
3384,2022-04-20 12:00:00
3385,2022-04-20 11:55:00
3386,2022-04-20 11:50:00
3387,2022-04-20 11:45:00
3388,2022-04-20 11:40:00
3389,2022-04-20 11:35:00
3390,2022-04-20 11:30:00
3391,2022-04-20 11:25:00
3392,2022-04-20 11:20:00
3393,2022-04-20 11:15:00
3394,2022-04-20 11:10:00
3395,2022-04-20 11:05:00
3396,2022-04-20 11:00:00
3397,2022-04-20 10:55:00
3398,2022-04-20 10:50:00
3399,2022-04-20 10:45:00
3400,2022-04-20 10:40:00
3401,2022-04-20 10:35:00
3402,2022-04-20 10:30:00
3403,2022-04-20 10:25:00
3404,2022-04-20 10:20:00
3405,2022-04-20 10:15:00
3406,2022-04-20 10:10:00
3407,2022-04-20 10:05:00
3408,2022-04-20 10:00:00
3409,2022-04-20 09:55:00
3410,2022-04-20 09:50:00
3411,2022-04-20 09:45:00
3412,2022-04-20 09:40:00
3413,2022-04-20 09:35:00
3414,2022-04-20 09:30:00
3415,2022-04-20 09:25:00
3416,2022-04-20 09:20:00
3417,2022-04-20 09:15:00
3418,2022-04-20 09:10:00
3419,2022-04-20 09:05:00
3420,2022-04-20 09:00:00
3421,2022-04-20 08:55:00
3422,2022-04-20 08:50:00
3423,2022-04-20 08:45:00
3424,2022-04-20 08:40:00
3425,2022-04-20 08:35:00
3426,2022-04-20 08:30:00
3427,2022-04-20 08:25:00
3428,2022-04-20 08:20:00
3429,2022-04-20 08:15:00
3430,2022-04-20 08:10:00
3431,2022-04-20 08:05:00
3432,2022-04-20 08:00:00
3433,2022-04-20 07:55:00
3434,2022-04-20 07:50:00
3435,2022-04-20 07:45:00
3436,2022-04-20 07:40:00
3437,2022-04-20 07:35:00
3438,2022-04-20 07:30:00
3439,2022-04-20 07:25:00
3440,2022-04-20 07:20:00
3441,2022-04-20 07:15:00
3442,2022-04-20 07:10:00
3443,2022-04-20 07:05:00
3444,2022-04-20 06:55:00
3445,2022-04-20 06:50:00
3446,2022-04-20 06:20:00
3447,2022-04-20 06:10:00
3448,2022-04-20 06:05:00
3449,2022-04-20 05:50:00
3450,2022-04-20 05:45:00
3451,2022-04-20 05:40:00
3452,2022-04-20 05:30:00
3453,2022-04-20 05:25:00
3454,2022-04-20 05:20:00
3455,2022-04-20 05:15:00
3456,2022-04-20 05:05:00
3457,2022-04-20 05:00:00
3458,2022-04-20 04:50:00
3459,2022-04-20 04:45:00
3460,2022-04-20 04:40:00
3461,2022-04-20 04:35:00
3462,2022-04-20 04:30:00
3463,2022-04-20 04:25:00
3464,2022-04-20 04:20:00
3465,2022-04-20 04:15:00
3466,2022-04-20 04:10:00
3467,2022-04-20 04:05:00
3468,2022-04-19 20:00:00
3469,2022-04-19 19:55:00
3470,2022-04-19 19:50:00
3471,2022-04-19 19:45:00
3472,2022-04-19 19:40:00
3473,2022-04-19 19:35:00
3474,2022-04-19 19:30:00
3475,2022-04-19 19:25:00
3476,2022-04-19 19:20:00
3477,2022-04-19 19:15:00
3478,2022-04-19 19:10:00
3479,2022-04-19 19:05:00
3480,2022-04-19 19:00:00
3481,2022-04-19 18:55:00
3482,2022-04-19 18:50:00
3483,2022-04-19 18:45:00
3484,2022-04-19 18:40:00
3485,2022-04-19 18:35:00
3486,2022-04-19 18:30:00
3487,2022-04-19 18:25:00
3488,2022-04-19 18:20:00
3489,2022-04-19 18:15:00
3490,2022-04-19 18:10:00
3491,2022-04-19 18:05:00
3492,2022-04-19 18:00:00
3493,2022-04-19 17:55:00
3494,2022-04-19 17:50:00
3495,2022-04-19 17:45:00
3496,2022-04-19 17:40:00
3497,2022-04-19 17:35:00
3498,2022-04-19 17:30:00
3499,2022-04-19 17:25:00
3500,2022-04-19 17:20:00
3501,2022-04-19 17:15:00
3502,2022-04-19 17:10:00
3503,2022-04-19 17:05:00
3504,2022-04-19 17:00:00
3505,2022-04-19 16:55:00
3506,2022-04-19 16:50:00
3507,2022-04-19 16:45:00
3508,2022-04-19 16:40:00
3509,2022-04-19 16:35:00
3510,2022-04-19 16:30:00
3511,2022-04-19 16:25:00
3512,2022-04-19 16:20:00
3513,2022-04-19 16:15:00
3514,2022-04-19 16:10:00
3515,2022-04-19 16:05:00
3516,2022-04-19 16:00:00
3517,2022-04-19 15:55:00
3518,2022-04-19 15:50:00
3519,2022-04-19 15:45:00
3520,2022-04-19 15:40:00
3521,2022-04-19 15:35:00
3522,2022-04-19 15:30:00
3523,2022-04-19 15:25:00
3524,2022-04-19 15:20:00
3525,2022-04-19 15:15:00
3526,2022-04-19 15:10:00
3527,2022-04-19 15:05:00
3528,2022-04-19 15:00:00
3529,2022-04-19 14:55:00
3530,2022-04-19 14:50:00
3531,2022-04-19 14:45:00
3532,2022-04-19 14:40:00
3533,2022-04-19 14:35:00
3534,2022-04-19 14:30:00
3535,2022-04-19 14:25:00
3536,2022-04-19 14:20:00
3537,2022-04-19 14:15:00
3538,2022-04-19 14:10:00
3539,2022-04-19 14:05:00
3540,2022-04-19 14:00:00
3541,2022-04-19 13:55:00
3542,2022-04-19 13:50:00
3543,2022-04-19 13:45:00
3544,2022-04-19 13:40:00
3545,2022-04-19 13:35:00
3546,2022-04-19 13:30:00
3547,2022-04-19 13:25:00
3548,2022-04-19 13:20:00
3549,2022-04-19 13:15:00
3550,2022-04-19 13:10:00
3551,2022-04-19 13:05:00
3552,2022-04-19 13:00:00
3553,2022-04-19 12:55:00
3554,2022-04-19 12:50:00
3555,2022-04-19 12:45:00
3556,2022-04-19 12:40:00
3557,2022-04-19 12:35:00
3558,2022-04-19 12:30:00
3559,2022-04-19 12:25:00
3560,2022-04-19 12:20:00
3561,2022-04-19 12:15:00
3562,2022-04-19 12:10:00
3563,2022-04-19 12:05:00
3564,2022-04-19 12:00:00
3565,2022-04-19 11:55:00
3566,2022-04-19 11:50:00
3567,2022-04-19 11:45:00
3568,2022-04-19 11:40:00
3569,2022-04-19 11:35:00
3570,2022-04-19 11:30:00
3571,2022-04-19 11:25:00
3572,2022-04-19 11:20:00
3573,2022-04-19 11:15:00
3574,2022-04-19 11:10:00
3575,2022-04-19 11:05:00
3576,2022-04-19 11:00:00
3577,2022-04-19 10:55:00
3578,2022-04-19 10:50:00
3579,2022-04-19 10:45:00
3580,2022-04-19 10:40:00
3581,2022-04-19 10:35:00
3582,2022-04-19 10:30:00
3583,2022-04-19 10:25:00
3584,2022-04-19 10:20:00
3585,2022-04-19 10:15:00
3586,2022-04-19 10:10:00
3587,2022-04-19 10:05:00
3588,2022-04-19 10:00:00
3589,2022-04-19 09:55:00
3590,2022-04-19 09:50:00
3591,2022-04-19 09:45:00
3592,2022-04-19 09:40:00
3593,2022-04-19 09:35:00
3594,2022-04-19 09:30:00
3595,2022-04-19 09:25:00
3596,2022-04-19 09:20:00
3597,2022-04-19 09:15:00
3598,2022-04-19 09:10:00
3599,2022-04-19 09:05:00
3600,2022-04-19 09:00:00
3601,2022-04-19 08:55:00
3602,2022-04-19 08:50:00
3603,2022-04-19 08:45:00
3604,2022-04-19 08:40:00
3605,2022-04-19 08:35:00
3606,2022-04-19 08:30:00
3607,2022-04-19 08:25:00
3608,2022-04-19 08:20:00
3609,2022-04-19 08:15:00
3610,2022-04-19 08:10:00
3611,2022-04-19 08:05:00
3612,2022-04-19 08:00:00
3613,2022-04-19 07:55:00
3614,2022-04-19 07:50:00
3615,2022-04-19 07:45:00
3616,2022-04-19 07:40:00
3617,2022-04-19 07:35:00
3618,2022-04-19 07:30:00
3619,2022-04-19 07:25:00
3620,2022-04-19 07:20:00
3621,2022-04-19 07:15:00
3622,2022-04-19 07:10:00
3623,2022-04-19 07:05:00
3624,2022-04-19 06:45:00
3625,2022-04-19 06:30:00
3626,2022-04-19 06:25:00
3627,2022-04-19 06:20:00
3628,2022-04-19 06:10:00
3629,2022-04-19 06:05:00
3630,2022-04-19 06:00:00
3631,2022-04-19 05:55:00
3632,2022-04-19 05:40:00
3633,2022-04-19 05:35:00
3634,2022-04-19 05:25:00
3635,2022-04-19 05:15:00
3636,2022-04-19 05:10:00
3637,2022-04-19 05:05:00
3638,2022-04-19 05:00:00
3639,2022-04-19 04:55:00
3640,2022-04-19 04:50:00
3641,2022-04-19 04:45:00
3642,2022-04-19 04:40:00
3643,2022-04-19 04:35:00
3644,2022-04-19 04:30:00
3645,2022-04-19 04:25:00
3646,2022-04-19 04:20:00
3647,2022-04-19 04:15:00
3648,2022-04-19 04:10:00
3649,2022-04-19 04:05:00
3650,2022-04-18 20:00:00
3651,2022-04-18 19:55:00
3652,2022-04-18 19:50:00
3653,2022-04-18 19:45:00
3654,2022-04-18 19:40:00
3655,2022-04-18 19:35:00
3656,2022-04-18 19:30:00
3657,2022-04-18 19:25:00
3658,2022-04-18 19:20:00
3659,2022-04-18 19:15:00
3660,2022-04-18 19:10:00
3661,2022-04-18 19:05:00
3662,2022-04-18 19:00:00
3663,2022-04-18 18:55:00
3664,2022-04-18 18:50:00
3665,2022-04-18 18:45:00
3666,2022-04-18 18:40:00
3667,2022-04-18 18:35:00
3668,2022-04-18 18:30:00
3669,2022-04-18 18:25:00
3670,2022-04-18 18:20:00
3671,2022-04-18 18:15:00
3672,2022-04-18 18:10:00
3673,2022-04-18 18:05:00
3674,2022-04-18 18:00:00
3675,2022-04-18 17:55:00
3676,2022-04-18 17:50:00
3677,2022-04-18 17:45:00
3678,2022-04-18 17:40:00
3679,2022-04-18 17:35:00
3680,2022-04-18 17:30:00
3681,2022-04-18 17:25:00
3682,2022-04-18 17:20:00
3683,2022-04-18 17:15:00
3684,2022-04-18 17:10:00
3685,2022-04-18 17:05:00
3686,2022-04-18 17:00:00
3687,2022-04-18 16:55:00
3688,2022-04-18 16:50:00
3689,2022-04-18 16:45:00
3690,2022-04-18 16:40:00
3691,2022-04-18 16:35:00
3692,2022-04-18 16:30:00
3693,2022-04-18 16:25:00
3694,2022-04-18 16:20:00
3695,2022-04-18 16:15:00
3696,2022-04-18 16:10:00
3697,2022-04-18 16:05:00
3698,2022-04-18 16:00:00
3699,2022-04-18 15:55:00
3700,2022-04-18 15:50:00
3701,2022-04-18 15:45:00
3702,2022-04-18 15:40:00
3703,2022-04-18 15:35:00
3704,2022-04-18 15:30:00
3705,2022-04-18 15:25:00
3706,2022-04-18 15:20:00
3707,2022-04-18 15:15:00
3708,2022-04-18 15:10:00
3709,2022-04-18 15:05:00
3710,2022-04-18 15:00:00
3711,2022-04-18 14:55:00
3712,2022-04-18 14:50:00
3713,2022-04-18 14:45:00
3714,2022-04-18 14:40:00
3715,2022-04-18 14:35:00
3716,2022-04-18 14:30:00
3717,2022-04-18 14:25:00
3718,2022-04-18 14:20:00
3719,2022-04-18 14:15:00
3720,2022-04-18 14:10:00
3721,2022-04-18 14:05:00
3722,2022-04-18 14:00:00
3723,2022-04-18 13:55:00
3724,2022-04-18 13:50:00
3725,2022-04-18 13:45:00
3726,2022-04-18 13:40:00
3727,2022-04-18 13:35:00
3728,2022-04-18 13:30:00
3729,2022-04-18 13:25:00
3730,2022-04-18 13:20:00
3731,2022-04-18 13:15:00
3732,2022-04-18 13:10:00
3733,2022-04-18 13:05:00
3734,2022-04-18 13:00:00
3735,2022-04-18 12:55:00
3736,2022-04-18 12:50:00
3737,2022-04-18 12:45:00
3738,2022-04-18 12:40:00
3739,2022-04-18 12:35:00
3740,2022-04-18 12:30:00
3741,2022-04-18 12:25:00
3742,2022-04-18 12:20:00
3743,2022-04-18 12:15:00
3744,2022-04-18 12:10:00
3745,2022-04-18 12:05:00
3746,2022-04-18 12:00:00
3747,2022-04-18 11:55:00
3748,2022-04-18 11:50:00
3749,2022-04-18 11:45:00
3750,2022-04-18 11:40:00
3751,2022-04-18 11:35:00
3752,2022-04-18 11:30:00
3753,2022-04-18 11:25:00
3754,2022-04-18 11:20:00
3755,2022-04-18 11:15:00
3756,2022-04-18 11:10:00
3757,2022-04-18 11:05:00
3758,2022-04-18 11:00:00
3759,2022-04-18 10:55:00
3760,2022-04-18 10:50:00
3761,2022-04-18 10:45:00
3762,2022-04-18 10:40:00
3763,2022-04-18 10:35:00
3764,2022-04-18 10:30:00
3765,2022-04-18 10:25:00
3766,2022-04-18 10:20:00
3767,2022-04-18 10:15:00
3768,2022-04-18 10:10:00
3769,2022-04-18 10:05:00
3770,2022-04-18 10:00:00
3771,2022-04-18 09:55:00
3772,2022-04-18 09:50:00
3773,2022-04-18 09:45:00
3774,2022-04-18 09:40:00
3775,2022-04-18 09:35:00
3776,2022-04-18 09:30:00
3777,2022-04-18 09:25:00
3778,2022-04-18 09:20:00
3779,2022-04-18 09:15:00
3780,2022-04-18 09:10:00
3781,2022-04-18 09:05:00
3782,2022-04-18 09:00:00
3783,2022-04-18 08:55:00
3784,2022-04-18 08:50:00
3785,2022-04-18 08:45:00
3786,2022-04-18 08:40:00
3787,2022-04-18 08:35:00
3788,2022-04-18 08:30:00
3789,2022-04-18 08:25:00
3790,2022-04-18 08:20:00
3791,2022-04-18 08:15:00
3792,2022-04-18 08:10:00
3793,2022-04-18 08:05:00
3794,2022-04-18 08:00:00
3795,2022-04-18 07:55:00
3796,2022-04-18 07:50:00
3797,2022-04-18 07:45:00
3798,2022-04-18 07:40:00
3799,2022-04-18 07:35:00
3800,2022-04-18 07:30:00
3801,2022-04-18 07:25:00
3802,2022-04-18 07:20:00
3803,2022-04-18 07:15:00
3804,2022-04-18 07:10:00
3805,2022-04-18 07:05:00
3806,2022-04-18 06:50:00
3807,2022-04-18 06:45:00
3808,2022-04-18 06:40:00
3809,2022-04-18 06:35:00
3810,2022-04-18 06:15:00
3811,2022-04-18 06:10:00
3812,2022-04-18 05:40:00
3813,2022-04-18 05:35:00
3814,2022-04-18 05:25:00
3815,2022-04-18 05:05:00
3816,2022-04-18 05:00:00
3817,2022-04-18 04:55:00
3818,2022-04-18 04:50:00
3819,2022-04-18 04:45:00
3820,2022-04-18 04:40:00
3821,2022-04-18 04:30:00
3822,2022-04-18 04:25:00
3823,2022-04-18 04:20:00
3824,2022-04-18 04:15:00
3825,2022-04-18 04:10:00
3826,2022-04-18 04:05:00
